--------------------------------------------------------
--  파일이 생성됨 - 목요일-3월-15-2018   
--------------------------------------------------------
--------------------------------------------------------
--  DDL for Table CSM_BESTMENU_BOARD
--------------------------------------------------------

  CREATE TABLE "CSM"."CSM_BESTMENU_BOARD" 
   (	"BESTM_BNO" NUMBER, 
	"BESTM_TITLE" VARCHAR2(50 BYTE), 
	"BESTM_CONTENT" VARCHAR2(2000 BYTE), 
	"BESTM_WRITER" VARCHAR2(50 BYTE), 
	"BESTM_REGIDATE" DATE DEFAULT sysdate, 
	"ANSWER" VARCHAR2(50 BYTE) DEFAULT 'N'
   ) SEGMENT CREATION IMMEDIATE 
  PCTFREE 10 PCTUSED 40 INITRANS 1 MAXTRANS 255 NOCOMPRESS LOGGING
  STORAGE(INITIAL 65536 NEXT 1048576 MINEXTENTS 1 MAXEXTENTS 2147483645
  PCTINCREASE 0 FREELISTS 1 FREELIST GROUPS 1 BUFFER_POOL DEFAULT FLASH_CACHE DEFAULT CELL_FLASH_CACHE DEFAULT)
  TABLESPACE "USERS" ;
--------------------------------------------------------
--  DDL for Table CSM_BESTQUESTION_BOARD
--------------------------------------------------------

  CREATE TABLE "CSM"."CSM_BESTQUESTION_BOARD" 
   (	"BESTQ_BNO" NUMBER, 
	"BESTQ_TITLE" VARCHAR2(50 BYTE), 
	"BESTQ_CONTENT" VARCHAR2(4000 BYTE), 
	"BESTQ_WRITER" VARCHAR2(50 BYTE), 
	"BESTQ_REGIDATE" DATE DEFAULT sysdate, 
	"BESTQ_VIEWCNT" NUMBER DEFAULT 0
   ) SEGMENT CREATION IMMEDIATE 
  PCTFREE 10 PCTUSED 40 INITRANS 1 MAXTRANS 255 NOCOMPRESS LOGGING
  STORAGE(INITIAL 65536 NEXT 1048576 MINEXTENTS 1 MAXEXTENTS 2147483645
  PCTINCREASE 0 FREELISTS 1 FREELIST GROUPS 1 BUFFER_POOL DEFAULT FLASH_CACHE DEFAULT CELL_FLASH_CACHE DEFAULT)
  TABLESPACE "USERS" ;
--------------------------------------------------------
--  DDL for Table CSM_CONTACT_BOARD
--------------------------------------------------------

  CREATE TABLE "CSM"."CSM_CONTACT_BOARD" 
   (	"CONTACT_BNO" NUMBER, 
	"CONTACT_ID" VARCHAR2(50 BYTE), 
	"CONTACT_WRITER" VARCHAR2(50 BYTE), 
	"CONTACT_QUESTION" VARCHAR2(200 BYTE), 
	"CONTACT_TITLE" VARCHAR2(50 BYTE), 
	"CONTACT_CONTENT" VARCHAR2(2000 BYTE), 
	"CONTACT_REGIDATE" DATE DEFAULT sysdate, 
	"CONTACT_VIEWCNT" NUMBER DEFAULT 0--조회수

   ) SEGMENT CREATION DEFERRED 
  PCTFREE 10 PCTUSED 40 INITRANS 1 MAXTRANS 255 NOCOMPRESS LOGGING
  TABLESPACE "USERS" ;
--------------------------------------------------------
--  DDL for Table CSM_DESIGN
--------------------------------------------------------

  CREATE TABLE "CSM"."CSM_DESIGN" 
   (	"IDX" NUMBER, 
	"ID" VARCHAR2(100 BYTE), 
	"TITLE" VARCHAR2(300 BYTE), 
	"CONTENTS" VARCHAR2(4000 BYTE), 
	"REGIDATE" DATE DEFAULT sysdate, 
	"VIEWCNT" NUMBER DEFAULT 0, 
	"TYPE" VARCHAR2(10 BYTE) DEFAULT 'd', 
	"DMAX" NUMBER DEFAULT 0, 
	"CURRENTNUM" NUMBER DEFAULT 0, 
	"SELECTDATE" DATE
   ) SEGMENT CREATION IMMEDIATE 
  PCTFREE 10 PCTUSED 40 INITRANS 1 MAXTRANS 255 NOCOMPRESS LOGGING
  STORAGE(INITIAL 65536 NEXT 1048576 MINEXTENTS 1 MAXEXTENTS 2147483645
  PCTINCREASE 0 FREELISTS 1 FREELIST GROUPS 1 BUFFER_POOL DEFAULT FLASH_CACHE DEFAULT CELL_FLASH_CACHE DEFAULT)
  TABLESPACE "USERS" ;
--------------------------------------------------------
--  DDL for Table CSM_FREEBOARD
--------------------------------------------------------

  CREATE TABLE "CSM"."CSM_FREEBOARD" 
   (	"BNO" NUMBER, 
	"TITLE" VARCHAR2(200 BYTE), 
	"CONTENT" CLOB, 
	"WRITER" VARCHAR2(50 BYTE), 
	"REGDATE" DATE DEFAULT sysdate, 
	"VIEWCOUNT" NUMBER DEFAULT 0, 
	"POINT" NUMBER DEFAULT 0, 
	"GITHUB" VARCHAR2(1000 BYTE), 
	"REPLYCOUNT" NUMBER DEFAULT 0, 
	"IP" VARCHAR2(100 BYTE)
   ) SEGMENT CREATION IMMEDIATE 
  PCTFREE 10 PCTUSED 40 INITRANS 1 MAXTRANS 255 NOCOMPRESS LOGGING
  STORAGE(INITIAL 65536 NEXT 1048576 MINEXTENTS 1 MAXEXTENTS 2147483645
  PCTINCREASE 0 FREELISTS 1 FREELIST GROUPS 1 BUFFER_POOL DEFAULT FLASH_CACHE DEFAULT CELL_FLASH_CACHE DEFAULT)
  TABLESPACE "USERS" 
 LOB ("CONTENT") STORE AS BASICFILE (
  TABLESPACE "USERS" ENABLE STORAGE IN ROW CHUNK 8192 RETENTION 
  NOCACHE LOGGING 
  STORAGE(INITIAL 65536 NEXT 1048576 MINEXTENTS 1 MAXEXTENTS 2147483645
  PCTINCREASE 0 FREELISTS 1 FREELIST GROUPS 1 BUFFER_POOL DEFAULT FLASH_CACHE DEFAULT CELL_FLASH_CACHE DEFAULT)) ;
--------------------------------------------------------
--  DDL for Table CSM_MARKET_CART
--------------------------------------------------------

  CREATE TABLE "CSM"."CSM_MARKET_CART" 
   (	"ITEM_IDX" NUMBER, 
	"ITEM_TITLE" VARCHAR2(300 BYTE), 
	"ITEM_NAME" VARCHAR2(100 BYTE), 
	"ITEM_PRICE" NUMBER, 
	"ITEM_SAIL" NUMBER, 
	"ITEM_AMOUNT" NUMBER, 
	"ITEM_REGDATE" DATE DEFAULT sysdate, 
	"ITEM_PHOTONAME" VARCHAR2(150 BYTE), 
	"ITEM_SELLERID" VARCHAR2(100 BYTE), 
	"ITEM_SELLERNAME" VARCHAR2(100 BYTE), 
	"USER_ID" VARCHAR2(100 BYTE)
   ) SEGMENT CREATION IMMEDIATE 
  PCTFREE 10 PCTUSED 40 INITRANS 1 MAXTRANS 255 NOCOMPRESS LOGGING
  STORAGE(INITIAL 65536 NEXT 1048576 MINEXTENTS 1 MAXEXTENTS 2147483645
  PCTINCREASE 0 FREELISTS 1 FREELIST GROUPS 1 BUFFER_POOL DEFAULT FLASH_CACHE DEFAULT CELL_FLASH_CACHE DEFAULT)
  TABLESPACE "USERS" ;
--------------------------------------------------------
--  DDL for Table CSM_MARKET_ITEMINFO
--------------------------------------------------------

  CREATE TABLE "CSM"."CSM_MARKET_ITEMINFO" 
   (	"ITEM_IDX" NUMBER, 
	"ITEM_TITLE" VARCHAR2(300 BYTE), 
	"ITEM_NAME" VARCHAR2(100 BYTE), 
	"ITEM_PRICE" NUMBER, 
	"ITEM_SAIL" NUMBER, 
	"ITEM_AMOUNT" NUMBER, 
	"ITEM_REGDATE" DATE DEFAULT sysdate, 
	"ITEM_ENDDATE" DATE, 
	"ITEM_CONTENTS" VARCHAR2(4000 BYTE), 
	"ITEM_AREA" VARCHAR2(100 BYTE), 
	"ITEM_SELLERID" VARCHAR2(100 BYTE), 
	"ITEM_SELLERNAME" VARCHAR2(100 BYTE), 
	"ITEM_SALETYPE" VARCHAR2(50 BYTE), 
	"ITEM_MINPRICE" NUMBER
   ) SEGMENT CREATION IMMEDIATE 
  PCTFREE 10 PCTUSED 40 INITRANS 1 MAXTRANS 255 NOCOMPRESS LOGGING
  STORAGE(INITIAL 65536 NEXT 1048576 MINEXTENTS 1 MAXEXTENTS 2147483645
  PCTINCREASE 0 FREELISTS 1 FREELIST GROUPS 1 BUFFER_POOL DEFAULT FLASH_CACHE DEFAULT CELL_FLASH_CACHE DEFAULT)
  TABLESPACE "USERS" ;
--------------------------------------------------------
--  DDL for Table CSM_MARKET_ITEMINQUIRY
--------------------------------------------------------

  CREATE TABLE "CSM"."CSM_MARKET_ITEMINQUIRY" 
   (	"ITEM_IDX" NUMBER, 
	"INQUIRY_IDX" NUMBER, 
	"INQUIRY_TITLE" VARCHAR2(300 BYTE), 
	"INQUIRY_CONTENTS" VARCHAR2(4000 BYTE), 
	"INQUIRY_REGDATE" DATE DEFAULT sysdate, 
	"INQUIRY_SECRET" NUMBER, 
	"INQUIRY_EMAIL" VARCHAR2(100 BYTE), 
	"INQUIRY_STATE" VARCHAR2(5 BYTE) DEFAULT 'N', 
	"INQUIRY_TYPE" VARCHAR2(40 BYTE), 
	"USER_ID" VARCHAR2(100 BYTE)
   ) SEGMENT CREATION IMMEDIATE 
  PCTFREE 10 PCTUSED 40 INITRANS 1 MAXTRANS 255 NOCOMPRESS LOGGING
  STORAGE(INITIAL 65536 NEXT 1048576 MINEXTENTS 1 MAXEXTENTS 2147483645
  PCTINCREASE 0 FREELISTS 1 FREELIST GROUPS 1 BUFFER_POOL DEFAULT FLASH_CACHE DEFAULT CELL_FLASH_CACHE DEFAULT)
  TABLESPACE "USERS" ;
--------------------------------------------------------
--  DDL for Table CSM_MARKET_ITEMREVIEW
--------------------------------------------------------

  CREATE TABLE "CSM"."CSM_MARKET_ITEMREVIEW" 
   (	"ITEM_IDX" NUMBER, 
	"REVIEW_IDX" NUMBER, 
	"REVIEW_TITLE" VARCHAR2(300 BYTE), 
	"REVIEW_CONTENTS" VARCHAR2(4000 BYTE), 
	"REVIEW_REGDATE" DATE DEFAULT sysdate, 
	"REVIEW_SCORE" NUMBER, 
	"USER_ID" VARCHAR2(100 BYTE)
   ) SEGMENT CREATION IMMEDIATE 
  PCTFREE 10 PCTUSED 40 INITRANS 1 MAXTRANS 255 NOCOMPRESS LOGGING
  STORAGE(INITIAL 65536 NEXT 1048576 MINEXTENTS 1 MAXEXTENTS 2147483645
  PCTINCREASE 0 FREELISTS 1 FREELIST GROUPS 1 BUFFER_POOL DEFAULT FLASH_CACHE DEFAULT CELL_FLASH_CACHE DEFAULT)
  TABLESPACE "USERS" ;
--------------------------------------------------------
--  DDL for Table CSM_MARKET_ORDERBASEINFO
--------------------------------------------------------

  CREATE TABLE "CSM"."CSM_MARKET_ORDERBASEINFO" 
   (	"ORDER_IDX" VARCHAR2(30 BYTE), 
	"ORDER_REGDATE" DATE DEFAULT sysdate, 
	"ITEM_NAMES" VARCHAR2(100 BYTE), 
	"ITEM_TOTALPRICE" NUMBER, 
	"ORDER_PROGRESS" VARCHAR2(100 BYTE) DEFAULT '상품준비중', 
	"ORDER_MSG" VARCHAR2(1000 BYTE), 
	"USER_ID" VARCHAR2(100 BYTE), 
	"SAVEADDR_NAME" VARCHAR2(100 BYTE)
   ) SEGMENT CREATION IMMEDIATE 
  PCTFREE 10 PCTUSED 40 INITRANS 1 MAXTRANS 255 NOCOMPRESS LOGGING
  STORAGE(INITIAL 65536 NEXT 1048576 MINEXTENTS 1 MAXEXTENTS 2147483645
  PCTINCREASE 0 FREELISTS 1 FREELIST GROUPS 1 BUFFER_POOL DEFAULT FLASH_CACHE DEFAULT CELL_FLASH_CACHE DEFAULT)
  TABLESPACE "USERS" ;
--------------------------------------------------------
--  DDL for Table CSM_MARKET_ORDERITEMINFO
--------------------------------------------------------

  CREATE TABLE "CSM"."CSM_MARKET_ORDERITEMINFO" 
   (	"ORDER_IDX" VARCHAR2(30 BYTE), 
	"ITEM_IDX" NUMBER, 
	"ITEM_TITLE" VARCHAR2(300 BYTE), 
	"ITEM_NAME" VARCHAR2(100 BYTE), 
	"ITEM_PRICE" NUMBER, 
	"ITEM_SAIL" NUMBER, 
	"ITEM_PRICERESULT" NUMBER, 
	"ITEM_AMOUNT" NUMBER, 
	"ITEM_PHOTONAME" VARCHAR2(150 BYTE), 
	"ITEM_SELLERID" VARCHAR2(100 BYTE), 
	"ITEM_SELLERNAME" VARCHAR2(100 BYTE), 
	"USER_ID" VARCHAR2(100 BYTE), 
	"ORDER_PROGRESS" VARCHAR2(100 BYTE) DEFAULT '상품준비중'
   ) SEGMENT CREATION IMMEDIATE 
  PCTFREE 10 PCTUSED 40 INITRANS 1 MAXTRANS 255 NOCOMPRESS LOGGING
  STORAGE(INITIAL 65536 NEXT 1048576 MINEXTENTS 1 MAXEXTENTS 2147483645
  PCTINCREASE 0 FREELISTS 1 FREELIST GROUPS 1 BUFFER_POOL DEFAULT FLASH_CACHE DEFAULT CELL_FLASH_CACHE DEFAULT)
  TABLESPACE "USERS" ;
--------------------------------------------------------
--  DDL for Table CSM_MARKET_SELLITEM_LOG
--------------------------------------------------------

  CREATE TABLE "CSM"."CSM_MARKET_SELLITEM_LOG" 
   (	"LOG_IDX" NUMBER, 
	"ITEM_IDX" NUMBER, 
	"ITEM_NAME" VARCHAR2(100 BYTE), 
	"ITEM_PRICE" NUMBER, 
	"ITEM_AMOUNT" NUMBER, 
	"ITEM_SELLERID" VARCHAR2(100 BYTE), 
	"ITEM_PHOTONAME" VARCHAR2(150 BYTE), 
	"LOG_ACTION" VARCHAR2(10 BYTE) DEFAULT 'sell', 
	"LOG_REGDATE" DATE DEFAULT sysdate, 
	"USER_ID" VARCHAR2(100 BYTE)
   ) SEGMENT CREATION IMMEDIATE 
  PCTFREE 10 PCTUSED 40 INITRANS 1 MAXTRANS 255 NOCOMPRESS LOGGING
  STORAGE(INITIAL 65536 NEXT 1048576 MINEXTENTS 1 MAXEXTENTS 2147483645
  PCTINCREASE 0 FREELISTS 1 FREELIST GROUPS 1 BUFFER_POOL DEFAULT FLASH_CACHE DEFAULT CELL_FLASH_CACHE DEFAULT)
  TABLESPACE "USERS" ;
--------------------------------------------------------
--  DDL for Table CSM_MARKET_SUBINFO
--------------------------------------------------------

  CREATE TABLE "CSM"."CSM_MARKET_SUBINFO" 
   (	"ITEM_IDX" NUMBER, 
	"ITEM_REGDATE" DATE DEFAULT sysdate, 
	"ITEM_PHOTONAME" VARCHAR2(150 BYTE)
   ) SEGMENT CREATION IMMEDIATE 
  PCTFREE 10 PCTUSED 40 INITRANS 1 MAXTRANS 255 NOCOMPRESS LOGGING
  STORAGE(INITIAL 65536 NEXT 1048576 MINEXTENTS 1 MAXEXTENTS 2147483645
  PCTINCREASE 0 FREELISTS 1 FREELIST GROUPS 1 BUFFER_POOL DEFAULT FLASH_CACHE DEFAULT CELL_FLASH_CACHE DEFAULT)
  TABLESPACE "USERS" ;
--------------------------------------------------------
--  DDL for Table CSM_MESSAGE
--------------------------------------------------------

  CREATE TABLE "CSM"."CSM_MESSAGE" 
   (	"MESSAGENUM" NUMBER, 
	"TITLE" VARCHAR2(50 BYTE), 
	"SENDERID" VARCHAR2(50 BYTE), 
	"RECEIVERID" VARCHAR2(50 BYTE), 
	"CONTENT" VARCHAR2(2000 BYTE), 
	"REGIDATE" DATE DEFAULT sysdate, 
	"RECEIVERCHECKS" NUMBER DEFAULT 0
   ) SEGMENT CREATION IMMEDIATE 
  PCTFREE 10 PCTUSED 40 INITRANS 1 MAXTRANS 255 NOCOMPRESS LOGGING
  STORAGE(INITIAL 65536 NEXT 1048576 MINEXTENTS 1 MAXEXTENTS 2147483645
  PCTINCREASE 0 FREELISTS 1 FREELIST GROUPS 1 BUFFER_POOL DEFAULT FLASH_CACHE DEFAULT CELL_FLASH_CACHE DEFAULT)
  TABLESPACE "USERS" ;
--------------------------------------------------------
--  DDL for Table CSM_NOTICEINFO_BOARD
--------------------------------------------------------

  CREATE TABLE "CSM"."CSM_NOTICEINFO_BOARD" 
   (	"NOTICE_BNO" NUMBER, 
	"NOTICE_TITLE" VARCHAR2(50 BYTE), 
	"NOTICE_CONTENT" VARCHAR2(2000 BYTE), 
	"NOTICE_WRITER" VARCHAR2(50 BYTE), 
	"NOTICE_REGIDATE" DATE DEFAULT sysdate, 
	"NOTICE_VIEWCNT" NUMBER DEFAULT 0
   ) SEGMENT CREATION IMMEDIATE 
  PCTFREE 10 PCTUSED 40 INITRANS 1 MAXTRANS 255 NOCOMPRESS LOGGING
  STORAGE(INITIAL 65536 NEXT 1048576 MINEXTENTS 1 MAXEXTENTS 2147483645
  PCTINCREASE 0 FREELISTS 1 FREELIST GROUPS 1 BUFFER_POOL DEFAULT FLASH_CACHE DEFAULT CELL_FLASH_CACHE DEFAULT)
  TABLESPACE "USERS" ;
--------------------------------------------------------
--  DDL for Table CSM_PROGRAM
--------------------------------------------------------

  CREATE TABLE "CSM"."CSM_PROGRAM" 
   (	"IDX" NUMBER, 
	"ID" VARCHAR2(100 BYTE), 
	"TITLE" VARCHAR2(300 BYTE), 
	"CONTENTS" VARCHAR2(4000 BYTE), 
	"REGIDATE" DATE DEFAULT sysdate, 
	"VIEWCNT" NUMBER DEFAULT 0, 
	"TYPE" VARCHAR2(10 BYTE) DEFAULT 'p', 
	"PMAX" NUMBER DEFAULT 0, 
	"CURRENTNUM" NUMBER DEFAULT 0, 
	"SELECTDATE" DATE
   ) SEGMENT CREATION IMMEDIATE 
  PCTFREE 10 PCTUSED 40 INITRANS 1 MAXTRANS 255 NOCOMPRESS LOGGING
  STORAGE(INITIAL 65536 NEXT 1048576 MINEXTENTS 1 MAXEXTENTS 2147483645
  PCTINCREASE 0 FREELISTS 1 FREELIST GROUPS 1 BUFFER_POOL DEFAULT FLASH_CACHE DEFAULT CELL_FLASH_CACHE DEFAULT)
  TABLESPACE "USERS" ;
--------------------------------------------------------
--  DDL for Table CSM_QNA_BOARD
--------------------------------------------------------

  CREATE TABLE "CSM"."CSM_QNA_BOARD" 
   (	"QNA_BNO" NUMBER, 
	"QNA_TITLE" VARCHAR2(50 BYTE), 
	"QNA_CONTENT" VARCHAR2(2000 BYTE), 
	"QNA_WRITER" VARCHAR2(50 BYTE), 
	"QNA_REGIDATE" DATE DEFAULT sysdate, 
	"QNA_VIEWCNT" NUMBER DEFAULT 0
   ) SEGMENT CREATION DEFERRED 
  PCTFREE 10 PCTUSED 40 INITRANS 1 MAXTRANS 255 NOCOMPRESS LOGGING
  TABLESPACE "USERS" ;
--------------------------------------------------------
--  DDL for Table CSM_QUESTIONBOARD
--------------------------------------------------------

  CREATE TABLE "CSM"."CSM_QUESTIONBOARD" 
   (	"BNO" NUMBER, 
	"QUESTION" VARCHAR2(200 BYTE), 
	"TITLE" VARCHAR2(200 BYTE), 
	"CONTENT" CLOB, 
	"WRITER" VARCHAR2(50 BYTE), 
	"REGDATE" DATE DEFAULT sysdate, 
	"VIEWCOUNT" NUMBER DEFAULT 0, 
	"POINT" NUMBER DEFAULT 0, 
	"REPLYCOUNT" NUMBER DEFAULT 0, 
	"BGROUP" NUMBER DEFAULT 0, 
	"BSTEP" NUMBER DEFAULT 0, 
	"INDENT" NUMBER DEFAULT 0, 
	"IP" VARCHAR2(100 BYTE), 
	"CHECKCOUNT" NUMBER DEFAULT 0, 
	"LIKENUM" NUMBER DEFAULT 0
   ) SEGMENT CREATION IMMEDIATE 
  PCTFREE 10 PCTUSED 40 INITRANS 1 MAXTRANS 255 NOCOMPRESS LOGGING
  STORAGE(INITIAL 65536 NEXT 1048576 MINEXTENTS 1 MAXEXTENTS 2147483645
  PCTINCREASE 0 FREELISTS 1 FREELIST GROUPS 1 BUFFER_POOL DEFAULT FLASH_CACHE DEFAULT CELL_FLASH_CACHE DEFAULT)
  TABLESPACE "USERS" 
 LOB ("CONTENT") STORE AS BASICFILE (
  TABLESPACE "USERS" ENABLE STORAGE IN ROW CHUNK 8192 RETENTION 
  NOCACHE LOGGING 
  STORAGE(INITIAL 65536 NEXT 1048576 MINEXTENTS 1 MAXEXTENTS 2147483645
  PCTINCREASE 0 FREELISTS 1 FREELIST GROUPS 1 BUFFER_POOL DEFAULT FLASH_CACHE DEFAULT CELL_FLASH_CACHE DEFAULT)) ;
--------------------------------------------------------
--  DDL for Table CSM_REPLY
--------------------------------------------------------

  CREATE TABLE "CSM"."CSM_REPLY" 
   (	"RNO" NUMBER, 
	"BNO" NUMBER, 
	"REPLYTEXT" CLOB, 
	"REPLYER" VARCHAR2(100 BYTE), 
	"REGDATE" DATE DEFAULT sysdate, 
	"UPDATEDATE" DATE DEFAULT sysdate, 
	"BGROUP" NUMBER DEFAULT 0, 
	"INDENT" NUMBER DEFAULT 0, 
	"LIKENUM" NUMBER DEFAULT 0, 
	"TYPEBOARD" VARCHAR2(10 BYTE)
   ) SEGMENT CREATION IMMEDIATE 
  PCTFREE 10 PCTUSED 40 INITRANS 1 MAXTRANS 255 NOCOMPRESS LOGGING
  STORAGE(INITIAL 65536 NEXT 1048576 MINEXTENTS 1 MAXEXTENTS 2147483645
  PCTINCREASE 0 FREELISTS 1 FREELIST GROUPS 1 BUFFER_POOL DEFAULT FLASH_CACHE DEFAULT CELL_FLASH_CACHE DEFAULT)
  TABLESPACE "USERS" 
 LOB ("REPLYTEXT") STORE AS BASICFILE (
  TABLESPACE "USERS" ENABLE STORAGE IN ROW CHUNK 8192 RETENTION 
  NOCACHE LOGGING 
  STORAGE(INITIAL 65536 NEXT 1048576 MINEXTENTS 1 MAXEXTENTS 2147483645
  PCTINCREASE 0 FREELISTS 1 FREELIST GROUPS 1 BUFFER_POOL DEFAULT FLASH_CACHE DEFAULT CELL_FLASH_CACHE DEFAULT)) ;
--------------------------------------------------------
--  DDL for Table CSM_RESUME
--------------------------------------------------------

  CREATE TABLE "CSM"."CSM_RESUME" 
   (	"NAME" VARCHAR2(100 BYTE), 
	"PHONENUMBER" VARCHAR2(100 BYTE), 
	"IDX" NUMBER, 
	"UNO" NUMBER, 
	"TYPE" VARCHAR2(100 BYTE), 
	"GENDER" VARCHAR2(300 BYTE), 
	"BIRTHDAY" DATE, 
	"ID" VARCHAR2(100 BYTE), 
	"STATUS" VARCHAR2(100 BYTE) DEFAULT '안읽음', 
	"REGIDATE" DATE DEFAULT sysdate, 
	"MAILNUMBER" VARCHAR2(100 BYTE), 
	"STREETADDR" VARCHAR2(100 BYTE), 
	"DETAILEDADDR" VARCHAR2(100 BYTE), 
	"CAREER" VARCHAR2(4000 BYTE), 
	"AWARD" VARCHAR2(4000 BYTE), 
	"ACCEPT" NUMBER DEFAULT 0
   ) SEGMENT CREATION IMMEDIATE 
  PCTFREE 10 PCTUSED 40 INITRANS 1 MAXTRANS 255 NOCOMPRESS LOGGING
  STORAGE(INITIAL 65536 NEXT 1048576 MINEXTENTS 1 MAXEXTENTS 2147483645
  PCTINCREASE 0 FREELISTS 1 FREELIST GROUPS 1 BUFFER_POOL DEFAULT FLASH_CACHE DEFAULT CELL_FLASH_CACHE DEFAULT)
  TABLESPACE "USERS" ;
--------------------------------------------------------
--  DDL for Table CSM_USER_ACTION
--------------------------------------------------------

  CREATE TABLE "CSM"."CSM_USER_ACTION" 
   (	"USER_ID" VARCHAR2(100 BYTE), 
	"USER_ACTION" VARCHAR2(5 BYTE), 
	"USER_FLAG" NUMBER, 
	"ACTION_REGDATE" DATE DEFAULT sysdate
   ) SEGMENT CREATION IMMEDIATE 
  PCTFREE 10 PCTUSED 40 INITRANS 1 MAXTRANS 255 NOCOMPRESS LOGGING
  STORAGE(INITIAL 65536 NEXT 1048576 MINEXTENTS 1 MAXEXTENTS 2147483645
  PCTINCREASE 0 FREELISTS 1 FREELIST GROUPS 1 BUFFER_POOL DEFAULT FLASH_CACHE DEFAULT CELL_FLASH_CACHE DEFAULT)
  TABLESPACE "USERS" ;
--------------------------------------------------------
--  DDL for Table CSM_USER_BASEINFO
--------------------------------------------------------

  CREATE TABLE "CSM"."CSM_USER_BASEINFO" 
   (	"USER_ID" VARCHAR2(100 BYTE), 
	"USER_PASS" VARCHAR2(100 BYTE), 
	"USER_NAME" VARCHAR2(20 BYTE), 
	"USER_GENDER" VARCHAR2(10 BYTE), 
	"USER_BIRTHDAY" DATE, 
	"USER_EMAIL" VARCHAR2(100 BYTE), 
	"USER_PHONE" VARCHAR2(20 BYTE), 
	"USER_MAILNUMBER" VARCHAR2(100 BYTE), 
	"USER_STREETADDR" VARCHAR2(100 BYTE), 
	"USER_DETAILEDADDR" VARCHAR2(100 BYTE), 
	"USER_TERMSSERVICE" VARCHAR2(3 BYTE), 
	"USER_TERMSPRIVACY" VARCHAR2(3 BYTE), 
	"USER_TERMSLOCATION" VARCHAR2(3 BYTE) DEFAULT 'N', 
	"USER_TERMSEMAIL" VARCHAR2(3 BYTE) DEFAULT 'N', 
	"USER_REGDATE" DATE DEFAULT sysdate, 
	"USER_AUTHORITY" VARCHAR2(10 BYTE) DEFAULT 'USER', 
	"USER_POINT" NUMBER DEFAULT 0, 
	"USER_SESSIONKEY" VARCHAR2(50 BYTE) DEFAULT 'none', 
	"USER_SESSIONLIMIT" TIMESTAMP (6)
   ) SEGMENT CREATION IMMEDIATE 
  PCTFREE 10 PCTUSED 40 INITRANS 1 MAXTRANS 255 NOCOMPRESS LOGGING
  STORAGE(INITIAL 65536 NEXT 1048576 MINEXTENTS 1 MAXEXTENTS 2147483645
  PCTINCREASE 0 FREELISTS 1 FREELIST GROUPS 1 BUFFER_POOL DEFAULT FLASH_CACHE DEFAULT CELL_FLASH_CACHE DEFAULT)
  TABLESPACE "USERS" ;
--------------------------------------------------------
--  DDL for Table CSM_USER_LOG
--------------------------------------------------------

  CREATE TABLE "CSM"."CSM_USER_LOG" 
   (	"LOG_IDX" NUMBER, 
	"USER_ID" VARCHAR2(100 BYTE), 
	"LOG_ACTION" VARCHAR2(5 BYTE), 
	"LOG_REGDATE" DATE DEFAULT sysdate
   ) SEGMENT CREATION IMMEDIATE 
  PCTFREE 10 PCTUSED 40 INITRANS 1 MAXTRANS 255 NOCOMPRESS LOGGING
  STORAGE(INITIAL 65536 NEXT 1048576 MINEXTENTS 1 MAXEXTENTS 2147483645
  PCTINCREASE 0 FREELISTS 1 FREELIST GROUPS 1 BUFFER_POOL DEFAULT FLASH_CACHE DEFAULT CELL_FLASH_CACHE DEFAULT)
  TABLESPACE "USERS" ;
--------------------------------------------------------
--  DDL for Table CSM_USER_SAVEADDR
--------------------------------------------------------

  CREATE TABLE "CSM"."CSM_USER_SAVEADDR" 
   (	"SAVEADDR_NAME" VARCHAR2(100 BYTE), 
	"USER_ID" VARCHAR2(100 BYTE), 
	"USER_NAME" VARCHAR2(20 BYTE), 
	"USER_PHONE" VARCHAR2(20 BYTE), 
	"USER_MAILNUMBER" VARCHAR2(100 BYTE), 
	"USER_STREETADDR" VARCHAR2(100 BYTE), 
	"USER_DETAILEDADDR" VARCHAR2(100 BYTE), 
	"SAVEADDR_STEP" NUMBER
   ) SEGMENT CREATION IMMEDIATE 
  PCTFREE 10 PCTUSED 40 INITRANS 1 MAXTRANS 255 NOCOMPRESS LOGGING
  STORAGE(INITIAL 65536 NEXT 1048576 MINEXTENTS 1 MAXEXTENTS 2147483645
  PCTINCREASE 0 FREELISTS 1 FREELIST GROUPS 1 BUFFER_POOL DEFAULT FLASH_CACHE DEFAULT CELL_FLASH_CACHE DEFAULT)
  TABLESPACE "USERS" ;
--------------------------------------------------------
--  DDL for Sequence CSM_BESTMENU_BOARD_SEQ
--------------------------------------------------------

   CREATE SEQUENCE  "CSM"."CSM_BESTMENU_BOARD_SEQ"  MINVALUE 1 MAXVALUE 9999999999999999999999999999 INCREMENT BY 1 START WITH 3 NOCACHE  NOORDER  NOCYCLE ;
--------------------------------------------------------
--  DDL for Sequence CSM_BESTQUESTION_BOARD_SEQ
--------------------------------------------------------

   CREATE SEQUENCE  "CSM"."CSM_BESTQUESTION_BOARD_SEQ"  MINVALUE 1 MAXVALUE 9999999999999999999999999999 INCREMENT BY 1 START WITH 25 NOCACHE  NOORDER  NOCYCLE ;
--------------------------------------------------------
--  DDL for Sequence CSM_CONTACT_BOARD_SEQ
--------------------------------------------------------

   CREATE SEQUENCE  "CSM"."CSM_CONTACT_BOARD_SEQ"  MINVALUE 1 MAXVALUE 9999999999999999999999999999 INCREMENT BY 1 START WITH 1 NOCACHE  NOORDER  NOCYCLE ;
--------------------------------------------------------
--  DDL for Sequence CSM_DESIGN_SEQ
--------------------------------------------------------

   CREATE SEQUENCE  "CSM"."CSM_DESIGN_SEQ"  MINVALUE 1 MAXVALUE 9999999999999999999999999999 INCREMENT BY 1 START WITH 6 NOCACHE  NOORDER  NOCYCLE ;
--------------------------------------------------------
--  DDL for Sequence CSM_FREEBOARD_SEQ
--------------------------------------------------------

   CREATE SEQUENCE  "CSM"."CSM_FREEBOARD_SEQ"  MINVALUE 1 MAXVALUE 9999999999999999999999999999 INCREMENT BY 1 START WITH 13 NOCACHE  NOORDER  NOCYCLE ;
--------------------------------------------------------
--  DDL for Sequence CSM_MARKET_ITEMINFO_SEQ
--------------------------------------------------------

   CREATE SEQUENCE  "CSM"."CSM_MARKET_ITEMINFO_SEQ"  MINVALUE 1 MAXVALUE 9999999999999999999999999999 INCREMENT BY 1 START WITH 34 NOCACHE  NOORDER  NOCYCLE ;
--------------------------------------------------------
--  DDL for Sequence CSM_MARKET_ITEMINQUIRY_SEQ
--------------------------------------------------------

   CREATE SEQUENCE  "CSM"."CSM_MARKET_ITEMINQUIRY_SEQ"  MINVALUE 1 MAXVALUE 9999999999999999999999999999 INCREMENT BY 1 START WITH 5 NOCACHE  NOORDER  NOCYCLE ;
--------------------------------------------------------
--  DDL for Sequence CSM_MARKET_ITEMREVIEW_SEQ
--------------------------------------------------------

   CREATE SEQUENCE  "CSM"."CSM_MARKET_ITEMREVIEW_SEQ"  MINVALUE 1 MAXVALUE 9999999999999999999999999999 INCREMENT BY 1 START WITH 6 NOCACHE  NOORDER  NOCYCLE ;
--------------------------------------------------------
--  DDL for Sequence CSM_MARKET_SELLITEM_LOG_SEQ
--------------------------------------------------------

   CREATE SEQUENCE  "CSM"."CSM_MARKET_SELLITEM_LOG_SEQ"  MINVALUE 1 MAXVALUE 9999999999999999999999999999 INCREMENT BY 1 START WITH 14 NOCACHE  NOORDER  NOCYCLE ;
--------------------------------------------------------
--  DDL for Sequence CSM_MESSAGE_SEQ
--------------------------------------------------------

   CREATE SEQUENCE  "CSM"."CSM_MESSAGE_SEQ"  MINVALUE 1 MAXVALUE 9999999999999999999999999999 INCREMENT BY 1 START WITH 8 NOCACHE  NOORDER  NOCYCLE ;
--------------------------------------------------------
--  DDL for Sequence CSM_NOTICEINFO_BOARD_SEQ
--------------------------------------------------------

   CREATE SEQUENCE  "CSM"."CSM_NOTICEINFO_BOARD_SEQ"  MINVALUE 1 MAXVALUE 9999999999999999999999999999 INCREMENT BY 1 START WITH 5 NOCACHE  NOORDER  NOCYCLE ;
--------------------------------------------------------
--  DDL for Sequence CSM_PROGRAM_SEQ
--------------------------------------------------------

   CREATE SEQUENCE  "CSM"."CSM_PROGRAM_SEQ"  MINVALUE 1 MAXVALUE 9999999999999999999999999999 INCREMENT BY 1 START WITH 6 NOCACHE  NOORDER  NOCYCLE ;
--------------------------------------------------------
--  DDL for Sequence CSM_QNA_BOARD_SEQ
--------------------------------------------------------

   CREATE SEQUENCE  "CSM"."CSM_QNA_BOARD_SEQ"  MINVALUE 1 MAXVALUE 9999999999999999999999999999 INCREMENT BY 1 START WITH 1 NOCACHE  NOORDER  NOCYCLE ;
--------------------------------------------------------
--  DDL for Sequence CSM_QUESTIONBOARD_SEQ
--------------------------------------------------------

   CREATE SEQUENCE  "CSM"."CSM_QUESTIONBOARD_SEQ"  MINVALUE 1 MAXVALUE 9999999999999999999999999999 INCREMENT BY 1 START WITH 20 NOCACHE  NOORDER  NOCYCLE ;
--------------------------------------------------------
--  DDL for Sequence CSM_REPLY_SEQ
--------------------------------------------------------

   CREATE SEQUENCE  "CSM"."CSM_REPLY_SEQ"  MINVALUE 1 MAXVALUE 9999999999999999999999999999 INCREMENT BY 1 START WITH 11 NOCACHE  NOORDER  NOCYCLE ;
--------------------------------------------------------
--  DDL for Sequence CSM_RESUME_SEQ
--------------------------------------------------------

   CREATE SEQUENCE  "CSM"."CSM_RESUME_SEQ"  MINVALUE 1 MAXVALUE 9999999999999999999999999999 INCREMENT BY 1 START WITH 13 NOCACHE  NOORDER  NOCYCLE ;
--------------------------------------------------------
--  DDL for Sequence CSM_USER_LOG_SEQ
--------------------------------------------------------

   CREATE SEQUENCE  "CSM"."CSM_USER_LOG_SEQ"  MINVALUE 1 MAXVALUE 9999999999999999999999999999 INCREMENT BY 1 START WITH 159 NOCACHE  NOORDER  NOCYCLE ;
REM INSERTING into CSM.CSM_BESTMENU_BOARD
SET DEFINE OFF;
Insert into CSM.CSM_BESTMENU_BOARD (BESTM_BNO,BESTM_TITLE,BESTM_CONTENT,BESTM_WRITER,BESTM_REGIDATE,ANSWER) values (2,'인원손실에 대해서 질문드립니다','<p>모든 개발자 및 디자이너가 구해지고 프로젝트 진행중 갑작스러운 인원손실에 대해서 혹시 대처방법이 있는지 묻습니다</p>','jubh0802',to_date('18/03/14','RR/MM/DD'),'N');
REM INSERTING into CSM.CSM_BESTQUESTION_BOARD
SET DEFINE OFF;
Insert into CSM.CSM_BESTQUESTION_BOARD (BESTQ_BNO,BESTQ_TITLE,BESTQ_CONTENT,BESTQ_WRITER,BESTQ_REGIDATE,BESTQ_VIEWCNT) values (23,'회원탈퇴는 어떻게 하나요?','<p>메인 홈페이지에서 마이페이지를 누르시고 회원탈퇴를 누르시면 됍니다</p>','운영자',to_date('18/03/15','RR/MM/DD'),0);
Insert into CSM.CSM_BESTQUESTION_BOARD (BESTQ_BNO,BESTQ_TITLE,BESTQ_CONTENT,BESTQ_WRITER,BESTQ_REGIDATE,BESTQ_VIEWCNT) values (6,'회원정보를 수정하고 싶어요.','<p>마이페이지 -&gt; 회원정보 수정에서 가능합니다~<br><br type="_moz"><img src="/resources/editor/2018/03/15/201803151127340f6dbce6-2a5c-4c87-88ff-90b6f3b30b29.PNG" title="%EC%BA%A1%EC%B2%98.PNG">&nbsp;</p>','운영자',to_date('18/03/15','RR/MM/DD'),0);
Insert into CSM.CSM_BESTQUESTION_BOARD (BESTQ_BNO,BESTQ_TITLE,BESTQ_CONTENT,BESTQ_WRITER,BESTQ_REGIDATE,BESTQ_VIEWCNT) values (13,'상품등록은 어떻게 하나요?','<p><img src="/resources/editor/2018/03/15/2018031511483251304ef0-aae6-45ec-b1ea-36e5a220325a.png" title="2.png"><br style="clear:both;"><img src="/resources/editor/2018/03/15/2018031511483204e685e0-bd13-4246-b090-1845f1f69e95.png" title="1.png"><br style="clear:both;">마켓홈에 들어가셔서 상단바를 누르시고 상품등록을 눌러주세요</p>','운영자',to_date('18/03/15','RR/MM/DD'),0);
Insert into CSM.CSM_BESTQUESTION_BOARD (BESTQ_BNO,BESTQ_TITLE,BESTQ_CONTENT,BESTQ_WRITER,BESTQ_REGIDATE,BESTQ_VIEWCNT) values (14,'등록한 상품은 어떻게 보나요?','<p><br style="clear:both;"><br style="clear:both;"><img src="/resources/editor/2018/03/15/20180315115117d0b0892f-6acc-4deb-9d24-263049c15d3a.png" title="1.png"><br style="clear:both;"><br style="clear:both;"><br style="clear:both;"><img src="/resources/editor/2018/03/15/201803151151361ba53e9f-cd7e-4312-9f08-6e8c2856111f.png" title="3.png"><br style="clear:both;">상단 바를 누르시고 등록한 상품을 눌러주세요</p>','운영자',to_date('18/03/15','RR/MM/DD'),0);
Insert into CSM.CSM_BESTQUESTION_BOARD (BESTQ_BNO,BESTQ_TITLE,BESTQ_CONTENT,BESTQ_WRITER,BESTQ_REGIDATE,BESTQ_VIEWCNT) values (15,'아이디를 잊어먹었어요','<p><br style="clear:both;"><br style="clear:both;"><img src="/resources/editor/2018/03/15/20180315115522e380565e-1dbc-4ddc-99c5-d0fbd68fd6b1.png" title="4.png"><br style="clear:both;"><br style="clear:both;"><img src="/resources/editor/2018/03/15/20180315115537aea62651-3cb0-46d8-82ea-82ec39c66de4.png" title="5.png"><br>&nbsp;</p>','운영자',to_date('18/03/15','RR/MM/DD'),0);
Insert into CSM.CSM_BESTQUESTION_BOARD (BESTQ_BNO,BESTQ_TITLE,BESTQ_CONTENT,BESTQ_WRITER,BESTQ_REGIDATE,BESTQ_VIEWCNT) values (22,'쪽지는 어떻게 쓰나요?','<p><img src="/resources/editor/2018/03/15/20180315122043f578f85b-d750-4c10-a967-79e9ca18103e.png" title="2.png"><br style="clear:both;"><img src="/resources/editor/2018/03/15/201803151220512e50d504-7602-4878-98cb-13376c5c7736.png" title="3.png"><br style="clear:both;">&nbsp;</p>','운영자',to_date('18/03/15','RR/MM/DD'),0);
Insert into CSM.CSM_BESTQUESTION_BOARD (BESTQ_BNO,BESTQ_TITLE,BESTQ_CONTENT,BESTQ_WRITER,BESTQ_REGIDATE,BESTQ_VIEWCNT) values (24,'회원가입은 어디서 하나요?','<p>메인홈페이지에서 회원가입을 눌러주세요<br><br type="_moz"><img src="/resources/editor/2018/03/15/20180315122547b307f256-0a2d-4e12-82f5-7ecc5f782700.png" title="3.png"><br style="clear:both;">&nbsp;</p>','운영자',to_date('18/03/15','RR/MM/DD'),0);
Insert into CSM.CSM_BESTQUESTION_BOARD (BESTQ_BNO,BESTQ_TITLE,BESTQ_CONTENT,BESTQ_WRITER,BESTQ_REGIDATE,BESTQ_VIEWCNT) values (11,'로그인이 안돼요','<p><span style="background-color: rgb(252, 248, 242); color: rgb(102, 102, 102); font-family: &quot;malgun gothic&quot;; font-size: 13px; letter-spacing: -0.65px;">회원님의 웹브라우져 상단의 도구 &gt; 인터넷 옵션 &gt; 고급 에서 ‘SSL 2.0사용’과 ‘SSL3.0사용’이 체크되었는지 &nbsp;&nbsp;확인해 주세요.</span>?<br><br type="_moz"><img src="/resources/editor/2018/03/15/2018031511385890abb1ad-f5c7-4cd7-9b66-72e26aebdc2a.gif" title="1.gif">&nbsp;</p><h6 class="innerp_s mtxs" style="padding: 0px; margin: 0px; font-size: 1em; color: rgb(102, 102, 102); letter-spacing: 0px; font-family: &quot;Malgun Gothic&quot;, 맑은고딕, Dotum, 돋움; background-color: rgb(252, 248, 242);"><span style="font-family: &quot;malgun gothic&quot;;">다른 사이트는 로그인이 되는데 옥션만 로그인이 되지 않을 경우</span></h6><ul class="innertxt innerp_s" style="padding: 0px; margin: 0px; list-style: none; line-height: 1.5em; color: rgb(102, 102, 102); font-family: &quot;Malgun Gothic&quot;, 맑은고딕, Dotum, 돋움; font-size: 13px; letter-spacing: -1px; background-color: rgb(252, 248, 242);"><li><span style="font-family: &quot;malgun gothic&quot;;">회원님의 웹브라우져 상단의 도구 &gt; 인터넷 옵션 &gt; 고급 에서 ‘UTF-8 URL 보내기’ 체크를 빼주시기 바랍니다.</span></li></ul><p><img src="/resources/editor/2018/03/15/20180315113920495d40db-c010-432e-b3bd-8d071b1bd597.gif" title="2.gif">&nbsp;</p><h6 class="innerp_s mtxs" style="padding: 0px; margin: 0px; font-size: 1em; color: rgb(102, 102, 102); letter-spacing: 0px; font-family: &quot;Malgun Gothic&quot;, 맑은고딕, Dotum, 돋움; background-color: rgb(252, 248, 242);"><span style="font-family: &quot;malgun gothic&quot;;">2. 파일 및 보관일수 삭제</span></h6><ul class="innertxt innerp_s" style="padding: 0px; margin: 0px; list-style: none; line-height: 1.5em; color: rgb(102, 102, 102); font-family: &quot;Malgun Gothic&quot;, 맑은고딕, Dotum, 돋움; font-size: 13px; letter-spacing: -1px; background-color: rgb(252, 248, 242);"><li><span style="font-family: &quot;malgun gothic&quot;;">IE 6.0과 XP 사용자의 경우 종종 쿠키가 저장되지 못해 옥션에 로그인이 않되는 경우가 있습니다. 이러한 경우 다음과 같이 설정을 변경해 주시기 바랍니다.</span></li><li><span style="font-family: &quot;malgun gothic&quot;;">1) 도구&gt;인터넷 옵션&gt;개인정보 에서 설정이 보통으로 되어 있는지 확인 후 보통일 경우 [사이트(S)] 버튼 클릭</span></li></ul><p><img src="/resources/editor/2018/03/15/2018031511394207c38537-1d53-434e-8216-0b272d104018.gif" title="3.gif"><br style="clear:both;"><br><br>&nbsp;</p>','운영자',to_date('18/03/15','RR/MM/DD'),0);
REM INSERTING into CSM.CSM_CONTACT_BOARD
SET DEFINE OFF;
REM INSERTING into CSM.CSM_DESIGN
SET DEFINE OFF;
Insert into CSM.CSM_DESIGN (IDX,ID,TITLE,CONTENTS,REGIDATE,VIEWCNT,TYPE,DMAX,CURRENTNUM,SELECTDATE) values (3,'ADMIN','구합니다','<p>~~~</p>',to_date('18/03/14','RR/MM/DD'),3,'d',1,1,to_date('18/03/15','RR/MM/DD'));
Insert into CSM.CSM_DESIGN (IDX,ID,TITLE,CONTENTS,REGIDATE,VIEWCNT,TYPE,DMAX,CURRENTNUM,SELECTDATE) values (5,'user','구해여','사람구해요',to_date('18/03/15','RR/MM/DD'),0,'d',3,0,to_date('18/03/17','RR/MM/DD'));
Insert into CSM.CSM_DESIGN (IDX,ID,TITLE,CONTENTS,REGIDATE,VIEWCNT,TYPE,DMAX,CURRENTNUM,SELECTDATE) values (2,'gudrlf789','같이 프로젝트할 사람 구합니다~~','같이 프로젝트할 프로그래머,디자이너 구합니다',to_date('18/03/14','RR/MM/DD'),3,'d',1,0,to_date('18/03/15','RR/MM/DD'));
Insert into CSM.CSM_DESIGN (IDX,ID,TITLE,CONTENTS,REGIDATE,VIEWCNT,TYPE,DMAX,CURRENTNUM,SELECTDATE) values (4,'tkddn','프로젝트 같이 하실분~','<p>구합니다~</p>',to_date('18/03/15','RR/MM/DD'),1,'d',2,0,to_date('18/03/16','RR/MM/DD'));
REM INSERTING into CSM.CSM_FREEBOARD
SET DEFINE OFF;
Insert into CSM.CSM_FREEBOARD (BNO,TITLE,WRITER,REGDATE,VIEWCOUNT,POINT,GITHUB,REPLYCOUNT,IP) values (9,'asd','tkddn',to_date('18/03/14','RR/MM/DD'),3,0,'asd',1,'127.0.0.1');
Insert into CSM.CSM_FREEBOARD (BNO,TITLE,WRITER,REGDATE,VIEWCOUNT,POINT,GITHUB,REPLYCOUNT,IP) values (10,'자유게시판','gudrlf789',to_date('18/03/15','RR/MM/DD'),1,0,'https://github.com/',0,'192.168.0.161');
Insert into CSM.CSM_FREEBOARD (BNO,TITLE,WRITER,REGDATE,VIEWCOUNT,POINT,GITHUB,REPLYCOUNT,IP) values (11,'안녕하세요','gudrlf789',to_date('18/03/15','RR/MM/DD'),6,0,'https://github.com/',1,'192.168.0.161');
Insert into CSM.CSM_FREEBOARD (BNO,TITLE,WRITER,REGDATE,VIEWCOUNT,POINT,GITHUB,REPLYCOUNT,IP) values (12,'사진','gudrlf789',to_date('18/03/15','RR/MM/DD'),6,0,'https://github.com/',1,'192.168.0.161');
REM INSERTING into CSM.CSM_MARKET_CART
SET DEFINE OFF;
REM INSERTING into CSM.CSM_MARKET_ITEMINFO
SET DEFINE OFF;
Insert into CSM.CSM_MARKET_ITEMINFO (ITEM_IDX,ITEM_TITLE,ITEM_NAME,ITEM_PRICE,ITEM_SAIL,ITEM_AMOUNT,ITEM_REGDATE,ITEM_ENDDATE,ITEM_CONTENTS,ITEM_AREA,ITEM_SELLERID,ITEM_SELLERNAME,ITEM_SALETYPE,ITEM_MINPRICE) values (3,'it관련 책 팝니다','it책',10000,5,2,to_date('18/03/14','RR/MM/DD'),to_date('99/12/31','RR/MM/DD'),'<p><img src="/resources/editor/2018/03/14/20180314154104e2d89ab6-837d-4e98-9e57-36abaa509bd7.jpg" title="%EC%B1%85%20%EC%84%9C%EB%B8%8C2.jpg"><br style="clear:both;"><img src="/resources/editor/2018/03/14/20180314154104a3662b98-4a23-4410-992b-db2e6f3da4b9.jpg" title="%EC%B1%85%20%EC%84%9C%EB%B8%8C1.jpg"><br style="clear:both;">&nbsp;</p>','book','gudrlf789','박형길','판매',0);
Insert into CSM.CSM_MARKET_ITEMINFO (ITEM_IDX,ITEM_TITLE,ITEM_NAME,ITEM_PRICE,ITEM_SAIL,ITEM_AMOUNT,ITEM_REGDATE,ITEM_ENDDATE,ITEM_CONTENTS,ITEM_AREA,ITEM_SELLERID,ITEM_SELLERNAME,ITEM_SALETYPE,ITEM_MINPRICE) values (27,'.당일출고. 트랜센드 RDF8 / USB3.0 멀티카드리더기','.당일출고. 트랜센드 RDF8 / USB3.0 멀티카드리더기',13250,5,19,to_date('18/03/15','RR/MM/DD'),to_date('99/12/31','RR/MM/DD'),'<p><img src="/resources/editor/2018/03/15/20180315111916df179f25-fe32-4f5f-87de-2e5943b658ac.jpg" title="2.jpg"><br style="clear:both;">&nbsp;</p>','it','tkddn','한상우','판매',0);
Insert into CSM.CSM_MARKET_ITEMINFO (ITEM_IDX,ITEM_TITLE,ITEM_NAME,ITEM_PRICE,ITEM_SAIL,ITEM_AMOUNT,ITEM_REGDATE,ITEM_ENDDATE,ITEM_CONTENTS,ITEM_AREA,ITEM_SELLERID,ITEM_SELLERNAME,ITEM_SALETYPE,ITEM_MINPRICE) values (20,'스프링책','스프링책',10000,3,28,to_date('18/03/15','RR/MM/DD'),to_date('99/12/31','RR/MM/DD'),'<p><img src="/resources/editor/2018/03/15/20180315105806b43b9f55-a480-4c53-b459-fc6465be2ef6.jpg" title="20180314154104e2d89ab6-837d-4e98-9e57-36abaa509bd7.jpg"><br style="clear:both;"><img src="/resources/editor/2018/03/15/201803151058060d73fe9e-5230-493d-8297-7dfeeb8f8def.jpg" title="20180314154104a3662b98-4a23-4410-992b-db2e6f3da4b9.jpg"><br style="clear:both;">&nbsp;</p>','book','gudrlf789','박형길','판매',0);
Insert into CSM.CSM_MARKET_ITEMINFO (ITEM_IDX,ITEM_TITLE,ITEM_NAME,ITEM_PRICE,ITEM_SAIL,ITEM_AMOUNT,ITEM_REGDATE,ITEM_ENDDATE,ITEM_CONTENTS,ITEM_AREA,ITEM_SELLERID,ITEM_SELLERNAME,ITEM_SALETYPE,ITEM_MINPRICE) values (22,'jsp 책','jsp 책',3000,10,49,to_date('18/03/15','RR/MM/DD'),to_date('99/12/31','RR/MM/DD'),'<p><img src="/resources/editor/2018/03/15/201803151100346cd2b54a-aa02-4fab-8e63-74d50a50c7ec.jpg" title="20180314154104e2d89ab6-837d-4e98-9e57-36abaa509bd7.jpg"><br style="clear:both;"><img src="/resources/editor/2018/03/15/2018031511003495955883-052e-4971-997d-238a230f30db.jpg" title="20180314154104a3662b98-4a23-4410-992b-db2e6f3da4b9.jpg"><br style="clear:both;">&nbsp;</p>','book','gudrlf789','박형길','판매',0);
Insert into CSM.CSM_MARKET_ITEMINFO (ITEM_IDX,ITEM_TITLE,ITEM_NAME,ITEM_PRICE,ITEM_SAIL,ITEM_AMOUNT,ITEM_REGDATE,ITEM_ENDDATE,ITEM_CONTENTS,ITEM_AREA,ITEM_SELLERID,ITEM_SELLERNAME,ITEM_SALETYPE,ITEM_MINPRICE) values (32,'HP 슬림 컴퓨터 Slimline 270 i3 (p050kr) / Win10','HP 슬림 컴퓨터 Slimline 270 i3 (p050kr) / Win10',689000,10,20,to_date('18/03/15','RR/MM/DD'),to_date('99/12/31','RR/MM/DD'),'<p><img src="/resources/editor/2018/03/15/20180315112810437fe8c1-902d-4586-8f4f-9f9dedcafe8a.jpg" title="8.jpg"><br style="clear:both;"><img src="/resources/editor/2018/03/15/201803151128100a562999-88fb-42c9-80c1-cb4c42dee470.jpg" title="7.jpg"><br style="clear:both;"><img src="/resources/editor/2018/03/15/20180315112810da01608d-e0e0-42a1-83a1-720a955327a2.jpg" title="6.jpg"><br style="clear:both;"><img src="/resources/editor/2018/03/15/2018031511281083f8dcaf-ec31-4ca3-9afc-8fba37cc1eab.jpg" title="4.jpg"><br style="clear:both;"><img src="/resources/editor/2018/03/15/20180315112810f8e9ee65-6d67-4765-b27b-0b032db82c65.jpg" title="5.jpg"><br style="clear:both;"><img src="/resources/editor/2018/03/15/201803151128101c32183d-4169-433e-9884-28d4fdebc380.jpg" title="1.jpg"><br style="clear:both;"><img src="/resources/editor/2018/03/15/20180315112810a42d6449-a9bf-4e63-86b0-3e2a84b331c0.jpg" title="3.jpg"><br style="clear:both;"><img src="/resources/editor/2018/03/15/20180315112810776cedcc-b916-4275-9018-a9182c3c0712.jpg" title="2.jpg"><br style="clear:both;">&nbsp;</p>','it','tkddn','한상우','판매',0);
Insert into CSM.CSM_MARKET_ITEMINFO (ITEM_IDX,ITEM_TITLE,ITEM_NAME,ITEM_PRICE,ITEM_SAIL,ITEM_AMOUNT,ITEM_REGDATE,ITEM_ENDDATE,ITEM_CONTENTS,ITEM_AREA,ITEM_SELLERID,ITEM_SELLERNAME,ITEM_SALETYPE,ITEM_MINPRICE) values (12,'[한성컴퓨터] 게이밍 보스몬스터 울트라 UX4525S/G4560/GTX1050','게이밍 보스몬스터 울트라',609480,5,8,to_date('18/03/14','RR/MM/DD'),to_date('99/12/31','RR/MM/DD'),'<p><img src="/resources/editor/2018/03/14/20180314154930cb2b7609-f6a3-46b6-85d1-c2cfa1087e80.jpg" title="G4600_700.jpg"><br style="clear:both;"><img src="/resources/editor/2018/03/14/20180314154930d12b147e-15a9-449e-bcc7-177acffa93d5.jpg" title="custom_ux4525s.jpg"><br style="clear:both;"><img src="/resources/editor/2018/03/14/201803141549308dac6fa0-d4bd-4aa2-8160-506948918498.jpg" title="add_windows.jpg"><br style="clear:both;"><img src="/resources/editor/2018/03/14/20180314154930c26e9b1f-bc70-4a1f-bb9c-fcc6cedbeec3.jpg" title="spec_top_bossmonster_ultra_ux4525s.jpg"><br style="clear:both;"><img src="/resources/editor/2018/03/14/20180314154930ee35a3f7-b074-45a2-bc5a-bb2957907518.jpg" title="ram_8gb_ddr4.jpg"><br style="clear:both;"><img src="/resources/editor/2018/03/14/20180314154930e2ba957e-e280-4cdb-a957-9ae7047d2303.jpg" title="spec_top_bossmonster_ultra_ux_vis.jpg"><br style="clear:both;"><img src="/resources/editor/2018/03/14/2018031415493058254f3f-398a-4999-9fa5-5e13a0d93cf9.jpg" title="cpu_g4560.jpg"><br style="clear:both;"><img src="/resources/editor/2018/03/14/201803141549303ba278c1-d1b5-429b-8708-076e6cc75b87.jpg" title="mb_ga_h110n_itx.jpg"><br style="clear:both;"><img src="/resources/editor/2018/03/14/2018031415493087d071ff-4585-407c-9eaa-56153dd6edc7.jpg" title="case_bossmonster_ultra_02.jpg"><br style="clear:both;"><img src="/resources/editor/2018/03/14/201803141549307b7b8eff-e85d-43ac-a9e7-1ed7aed879cd.jpg" title="case_bossmonster_ultra_01.jpg"><br style="clear:both;"><img src="/resources/editor/2018/03/14/20180314155004248146d8-672a-4f43-82fd-005eaeacfd1a.jpg" title="power_atx_350w.jpg"><br style="clear:both;"><img src="/resources/editor/2018/03/14/20180314155004b2729c9f-7604-4974-86e8-934f212ef085.jpg" title="ssd_120gb.jpg"><br style="clear:both;"><img src="/resources/editor/2018/03/14/201803141550047c1de95c-133e-403e-bc65-4b3d0737d216.jpg" title="spec_detail_bossmonster_ultra_ux_vis.jpg"><br style="clear:both;"><img src="/resources/editor/2018/03/14/20180314155004f158bd2d-c49a-4f76-b7ca-1fed30c7dc2e.jpg" title="spec_detail_bossmonster_ultra_ux4525s.jpg"><br style="clear:both;"><img src="/resources/editor/2018/03/14/20180314155004dc27e84c-00a5-40fd-93f8-c6273c6cf8dc.jpg" title="vga_gtx1050_oc_2gb.jpg"><br style="clear:both;">&nbsp;</p>','it','tkddn','한상우','판매',0);
Insert into CSM.CSM_MARKET_ITEMINFO (ITEM_IDX,ITEM_TITLE,ITEM_NAME,ITEM_PRICE,ITEM_SAIL,ITEM_AMOUNT,ITEM_REGDATE,ITEM_ENDDATE,ITEM_CONTENTS,ITEM_AREA,ITEM_SELLERID,ITEM_SELLERNAME,ITEM_SALETYPE,ITEM_MINPRICE) values (33,'상품','상품',10000,10,10,to_date('18/03/15','RR/MM/DD'),to_date('99/12/31','RR/MM/DD'),'상품입니다<img src="/resources/editor/2018/03/15/201803151600531afa7a47-e6a2-47e8-b221-511505cb6c06.jpg" title="%EC%8B%9C%EC%97%B01.jpg"><br style="clear:both;">','it','tkddn','한상우','판매',0);
Insert into CSM.CSM_MARKET_ITEMINFO (ITEM_IDX,ITEM_TITLE,ITEM_NAME,ITEM_PRICE,ITEM_SAIL,ITEM_AMOUNT,ITEM_REGDATE,ITEM_ENDDATE,ITEM_CONTENTS,ITEM_AREA,ITEM_SELLERID,ITEM_SELLERNAME,ITEM_SALETYPE,ITEM_MINPRICE) values (2,'5%할인+총12GB+한컴+HBS) LG올뉴그램 14ZD980-GX76K','LG올뉴그램 14ZD980-GX76K',1683160,5,8,to_date('18/03/14','RR/MM/DD'),to_date('99/12/31','RR/MM/DD'),'<p><img src="/resources/editor/2018/03/14/201803141532272fa80bae-4887-49b3-8e4b-af14ca7d724a.jpg" title="%EC%83%81%EB%8B%B41%EB%B2%88.jpg"><br style="clear:both;"><img src="/resources/editor/2018/03/14/2018031415322775c35057-040a-47dc-8a3f-697e4a9b2b4d.jpg" title="14-50%EC%83%81%EB%8B%A8%EC%83%81%EC%84%B8.jpg"><br style="clear:both;"><img src="/resources/editor/2018/03/14/2018031415322767ef58a4-25c4-4033-b360-e7dd0a02d392.jpg" title="A-1476.jpg"><br style="clear:both;"><img src="/resources/editor/2018/03/14/20180314153227d0096cbf-7b0f-44c7-8049-03e7c7874f3b.jpg" title="14-76%EC%82%AC%EC%9D%80%ED%92%88%EC%A6%9D%EC%A0%95.jpg"><br style="clear:both;"><img src="/resources/editor/2018/03/14/20180314153227cbfe1635-1dff-4d55-ac11-876032209c52.jpg" title="%EC%98%AC%EB%89%B4%ED%94%84%EB%A6%AC%EB%8F%84%EC%8A%A4GX50K.jpg"><br style="clear:both;"><img src="/resources/editor/2018/03/14/20180314153227047c5673-2b33-4bbc-86c4-050b7e9daf9e.jpg" title="%EC%8B%A0%EB%AA%A8%EB%8D%B8RAM%EB%AC%B4%EB%A3%8C%EC%97%8522.jpg"><br style="clear:both;">&nbsp;</p>','it','tkddn','한상우','판매',0);
Insert into CSM.CSM_MARKET_ITEMINFO (ITEM_IDX,ITEM_TITLE,ITEM_NAME,ITEM_PRICE,ITEM_SAIL,ITEM_AMOUNT,ITEM_REGDATE,ITEM_ENDDATE,ITEM_CONTENTS,ITEM_AREA,ITEM_SELLERID,ITEM_SELLERNAME,ITEM_SALETYPE,ITEM_MINPRICE) values (24,'css 책','css 책',2000,3,25,to_date('18/03/15','RR/MM/DD'),to_date('99/12/31','RR/MM/DD'),'<p><img src="/resources/editor/2018/03/15/20180315110312127e4bf0-7ebf-47c1-a5da-66d32d70e521.jpg" title="20180314154104e2d89ab6-837d-4e98-9e57-36abaa509bd7.jpg"><br style="clear:both;"><img src="/resources/editor/2018/03/15/20180315110312b7eed04f-e62c-4d50-b1f9-4f932cae1dc0.jpg" title="20180314154104a3662b98-4a23-4410-992b-db2e6f3da4b9.jpg"><br style="clear:both;">&nbsp;</p>','book','gudrlf789','박형길','판매',0);
Insert into CSM.CSM_MARKET_ITEMINFO (ITEM_IDX,ITEM_TITLE,ITEM_NAME,ITEM_PRICE,ITEM_SAIL,ITEM_AMOUNT,ITEM_REGDATE,ITEM_ENDDATE,ITEM_CONTENTS,ITEM_AREA,ITEM_SELLERID,ITEM_SELLERNAME,ITEM_SALETYPE,ITEM_MINPRICE) values (25,'갤럭시s7 sk 솔텍모바일','갤럭시s7 sk 솔텍모바일',50000,10,10,to_date('18/03/15','RR/MM/DD'),to_date('99/12/31','RR/MM/DD'),'<p><img src="/resources/editor/2018/03/15/20180315110917de24569c-6cf5-4056-9870-14f753b9737d.jpg" title="c19.jpg"><br style="clear:both;"><img src="/resources/editor/2018/03/15/20180315110917a97e3390-de5a-4b9a-9e06-18f529950949.jpg" title="c10.jpg"><br style="clear:both;"><img src="/resources/editor/2018/03/15/2018031511091782cea2cd-0c11-4111-8f62-f27309031137.jpg" title="2.jpg"><br style="clear:both;"><img src="/resources/editor/2018/03/15/201803151109174d221cd8-db1f-42ef-9ef4-a95868beeba0.jpg" title="intro.jpg"><br style="clear:both;">&nbsp;</p>','it','tkddn','한상우','판매',0);
Insert into CSM.CSM_MARKET_ITEMINFO (ITEM_IDX,ITEM_TITLE,ITEM_NAME,ITEM_PRICE,ITEM_SAIL,ITEM_AMOUNT,ITEM_REGDATE,ITEM_ENDDATE,ITEM_CONTENTS,ITEM_AREA,ITEM_SELLERID,ITEM_SELLERNAME,ITEM_SALETYPE,ITEM_MINPRICE) values (26,'전화가능_갤럭시탭4 8.0탭E공기계T335SKL삼성테블릿PC','전화가능_갤럭시탭4 8.0탭E공기계T335SKL삼성테블릿PC',129050,15,19,to_date('18/03/15','RR/MM/DD'),to_date('99/12/31','RR/MM/DD'),'<p><img src="/resources/editor/2018/03/15/20180315111512d4989288-c4e3-4b44-8d43-046af978ade4.jpg" title="6.jpg"><br style="clear:both;"><img src="/resources/editor/2018/03/15/20180315111512f72d6a82-3df6-420e-a931-16397befa1a3.jpg" title="5.jpg"><br style="clear:both;"><img src="/resources/editor/2018/03/15/2018031511151242133a03-e1d8-48a5-83b6-686c0d8676e1.jpg" title="3.jpg"><br style="clear:both;"><img src="/resources/editor/2018/03/15/201803151115124a7b157e-b8dd-4454-9d54-a2267ea68693.jpg" title="4.jpg"><br style="clear:both;">&nbsp;</p>','it','tkddn','한상우','판매',0);
Insert into CSM.CSM_MARKET_ITEMINFO (ITEM_IDX,ITEM_TITLE,ITEM_NAME,ITEM_PRICE,ITEM_SAIL,ITEM_AMOUNT,ITEM_REGDATE,ITEM_ENDDATE,ITEM_CONTENTS,ITEM_AREA,ITEM_SELLERID,ITEM_SELLERNAME,ITEM_SALETYPE,ITEM_MINPRICE) values (28,'c언어 책','c언어 책',15000,2,9,to_date('18/03/15','RR/MM/DD'),to_date('99/12/31','RR/MM/DD'),'<p><img src="/resources/editor/2018/03/15/2018031511243210a4f964-cc20-4f26-a528-b7e338a91eac.jpg" title="20180314154104e2d89ab6-837d-4e98-9e57-36abaa509bd7.jpg"><br style="clear:both;"><img src="/resources/editor/2018/03/15/201803151124325b424724-bae0-4f29-8199-e38539407f37.jpg" title="20180314154104a3662b98-4a23-4410-992b-db2e6f3da4b9.jpg"><br style="clear:both;">&nbsp;</p>','book','gudrlf789','박형길','판매',0);
Insert into CSM.CSM_MARKET_ITEMINFO (ITEM_IDX,ITEM_TITLE,ITEM_NAME,ITEM_PRICE,ITEM_SAIL,ITEM_AMOUNT,ITEM_REGDATE,ITEM_ENDDATE,ITEM_CONTENTS,ITEM_AREA,ITEM_SELLERID,ITEM_SELLERNAME,ITEM_SALETYPE,ITEM_MINPRICE) values (29,'[LG전자] 55만원 구매 LG일체형PC 22V270-BZ26K SSD120GB 무료','[LG전자] 55만원 구매 LG일체형PC 22V270-BZ26K SSD120GB 무료',579010,5,20,to_date('18/03/15','RR/MM/DD'),to_date('99/12/31','RR/MM/DD'),'<p><img src="/resources/editor/2018/03/15/20180315112459de31baad-e287-4493-bc46-70c38cba70b2.png" title="7.png"><br style="clear:both;"><img src="/resources/editor/2018/03/15/201803151124599c2613ea-6e46-48e8-b6c7-1f7ac2299c92.png" title="6.png"><br style="clear:both;"><img src="/resources/editor/2018/03/15/201803151124596ab90bbc-d47c-4eeb-a29d-c6a1ab66a119.jpg" title="1.jpg"><br style="clear:both;"><img src="/resources/editor/2018/03/15/201803151124594bbbb1f8-5422-456e-a965-00009fcf5404.png" title="2.png"><br style="clear:both;"><img src="/resources/editor/2018/03/15/201803151124591fb001d0-04e0-4031-ae9b-5a6ef6c19dfe.png" title="3.png"><br style="clear:both;"><img src="/resources/editor/2018/03/15/201803151124592b650ea6-0a6a-408d-93ba-859053006fdf.png" title="4.png"><br style="clear:both;"><img src="/resources/editor/2018/03/15/20180315112459b79c290d-a08d-447d-813b-b14a09c151c7.png" title="5.png"><br style="clear:both;">&nbsp;</p>','it','tkddn','한상우','판매',0);
Insert into CSM.CSM_MARKET_ITEMINFO (ITEM_IDX,ITEM_TITLE,ITEM_NAME,ITEM_PRICE,ITEM_SAIL,ITEM_AMOUNT,ITEM_REGDATE,ITEM_ENDDATE,ITEM_CONTENTS,ITEM_AREA,ITEM_SELLERID,ITEM_SELLERNAME,ITEM_SALETYPE,ITEM_MINPRICE) values (30,'알고리즘 책','알고리즘 책',10000,3,10,to_date('18/03/15','RR/MM/DD'),to_date('99/12/31','RR/MM/DD'),'<p><img src="/resources/editor/2018/03/15/20180315112600d9b44898-8ed1-4e37-87f4-beb8be6bc086.jpg" title="20180314154104e2d89ab6-837d-4e98-9e57-36abaa509bd7.jpg"><br style="clear:both;"><img src="/resources/editor/2018/03/15/2018031511260056f36fff-8cbb-4caa-9a83-112e3b315611.jpg" title="20180314154104a3662b98-4a23-4410-992b-db2e6f3da4b9.jpg"><br style="clear:both;">&nbsp;</p>','book','gudrlf789','박형길','판매',0);
Insert into CSM.CSM_MARKET_ITEMINFO (ITEM_IDX,ITEM_TITLE,ITEM_NAME,ITEM_PRICE,ITEM_SAIL,ITEM_AMOUNT,ITEM_REGDATE,ITEM_ENDDATE,ITEM_CONTENTS,ITEM_AREA,ITEM_SELLERID,ITEM_SELLERNAME,ITEM_SALETYPE,ITEM_MINPRICE) values (31,'정보처리기사 책','정보처리기사 책',25000,10,22,to_date('18/03/15','RR/MM/DD'),to_date('99/12/31','RR/MM/DD'),'<p><img src="/resources/editor/2018/03/15/2018031511275413ad1a6f-02c6-4f0c-92ad-cca1dcd02b11.jpg" title="20180314154104e2d89ab6-837d-4e98-9e57-36abaa509bd7.jpg"><br style="clear:both;"><img src="/resources/editor/2018/03/15/2018031511275481368daf-0aef-4759-8cc7-5cfd7ccffe7a.jpg" title="20180314154104a3662b98-4a23-4410-992b-db2e6f3da4b9.jpg"><br style="clear:both;">&nbsp;</p>','book','gudrlf789','박형길','판매',0);
REM INSERTING into CSM.CSM_MARKET_ITEMINQUIRY
SET DEFINE OFF;
REM INSERTING into CSM.CSM_MARKET_ITEMREVIEW
SET DEFINE OFF;
Insert into CSM.CSM_MARKET_ITEMREVIEW (ITEM_IDX,REVIEW_IDX,REVIEW_TITLE,REVIEW_CONTENTS,REVIEW_REGDATE,REVIEW_SCORE,USER_ID) values (26,5,'상품후기','<p>상품후기</p>',to_date('18/03/15','RR/MM/DD'),5,'user');
Insert into CSM.CSM_MARKET_ITEMREVIEW (ITEM_IDX,REVIEW_IDX,REVIEW_TITLE,REVIEW_CONTENTS,REVIEW_REGDATE,REVIEW_SCORE,USER_ID) values (2,2,'234','<p>234</p>',to_date('18/03/14','RR/MM/DD'),5,'ADMIN');
Insert into CSM.CSM_MARKET_ITEMREVIEW (ITEM_IDX,REVIEW_IDX,REVIEW_TITLE,REVIEW_CONTENTS,REVIEW_REGDATE,REVIEW_SCORE,USER_ID) values (12,3,'좋아요~','<p>만족합니다</p>',to_date('18/03/15','RR/MM/DD'),5,'gudrlf789');
REM INSERTING into CSM.CSM_MARKET_ORDERBASEINFO
SET DEFINE OFF;
Insert into CSM.CSM_MARKET_ORDERBASEINFO (ORDER_IDX,ORDER_REGDATE,ITEM_NAMES,ITEM_TOTALPRICE,ORDER_PROGRESS,ORDER_MSG,USER_ID,SAVEADDR_NAME) values ('201803151557',to_date('18/03/15','RR/MM/DD'),'전화가능_갤럭시탭4 8.0탭E공기계T335SKL삼성테블릿PC',109692,'배송완료','배송','user','기본배송지');
Insert into CSM.CSM_MARKET_ORDERBASEINFO (ORDER_IDX,ORDER_REGDATE,ITEM_NAMES,ITEM_TOTALPRICE,ORDER_PROGRESS,ORDER_MSG,USER_ID,SAVEADDR_NAME) values ('201803151147',to_date('18/03/15','RR/MM/DD'),'.당일출고. 트랜센드 RDF8 / USB3.0 멀티카드리더기',12587,'배송완료',null,'gudrlf789','기본배송지');
Insert into CSM.CSM_MARKET_ORDERBASEINFO (ORDER_IDX,ORDER_REGDATE,ITEM_NAMES,ITEM_TOTALPRICE,ORDER_PROGRESS,ORDER_MSG,USER_ID,SAVEADDR_NAME) values ('201803141604',to_date('18/03/14','RR/MM/DD'),'스프링 책',48000,'상품배송중',null,'tkddn','기본배송지');
Insert into CSM.CSM_MARKET_ORDERBASEINFO (ORDER_IDX,ORDER_REGDATE,ITEM_NAMES,ITEM_TOTALPRICE,ORDER_PROGRESS,ORDER_MSG,USER_ID,SAVEADDR_NAME) values ('201803151106',to_date('18/03/15','RR/MM/DD'),'스프링책',9700,'상품배송중',null,'gudrlf789','기본배송지');
Insert into CSM.CSM_MARKET_ORDERBASEINFO (ORDER_IDX,ORDER_REGDATE,ITEM_NAMES,ITEM_TOTALPRICE,ORDER_PROGRESS,ORDER_MSG,USER_ID,SAVEADDR_NAME) values ('201803151134',to_date('18/03/15','RR/MM/DD'),'c언어 책',14700,'배송완료',null,'park','기본배송지');
Insert into CSM.CSM_MARKET_ORDERBASEINFO (ORDER_IDX,ORDER_REGDATE,ITEM_NAMES,ITEM_TOTALPRICE,ORDER_PROGRESS,ORDER_MSG,USER_ID,SAVEADDR_NAME) values ('201803151137',to_date('18/03/15','RR/MM/DD'),'jsp 책',2700,'배송완료',null,'park','기본배송지');
Insert into CSM.CSM_MARKET_ORDERBASEINFO (ORDER_IDX,ORDER_REGDATE,ITEM_NAMES,ITEM_TOTALPRICE,ORDER_PROGRESS,ORDER_MSG,USER_ID,SAVEADDR_NAME) values ('201803151135',to_date('18/03/15','RR/MM/DD'),'스프링책',9700,'배송완료',null,'park','기본배송지');
Insert into CSM.CSM_MARKET_ORDERBASEINFO (ORDER_IDX,ORDER_REGDATE,ITEM_NAMES,ITEM_TOTALPRICE,ORDER_PROGRESS,ORDER_MSG,USER_ID,SAVEADDR_NAME) values ('201803141553',to_date('18/03/14','RR/MM/DD'),'게이밍 보스몬스터 울트라',579006,'배송완료',null,'gudrlf789','기본배송지');
Insert into CSM.CSM_MARKET_ORDERBASEINFO (ORDER_IDX,ORDER_REGDATE,ITEM_NAMES,ITEM_TOTALPRICE,ORDER_PROGRESS,ORDER_MSG,USER_ID,SAVEADDR_NAME) values ('201803141603',to_date('18/03/14','RR/MM/DD'),'jsp책',51200,'상품배송중',null,'tkddn','기본배송지');
Insert into CSM.CSM_MARKET_ORDERBASEINFO (ORDER_IDX,ORDER_REGDATE,ITEM_NAMES,ITEM_TOTALPRICE,ORDER_PROGRESS,ORDER_MSG,USER_ID,SAVEADDR_NAME) values ('201803141617',to_date('18/03/14','RR/MM/DD'),'게이밍 보스몬스터 울트라',579006,'상품배송중',null,'ADMIN','기본배송지');
Insert into CSM.CSM_MARKET_ORDERBASEINFO (ORDER_IDX,ORDER_REGDATE,ITEM_NAMES,ITEM_TOTALPRICE,ORDER_PROGRESS,ORDER_MSG,USER_ID,SAVEADDR_NAME) values ('201803141721',to_date('18/03/14','RR/MM/DD'),'LG올뉴그램 14ZD980-GX76K',1599002,'상품배송중','배달해주세요','ADMIN','기본배송지');
Insert into CSM.CSM_MARKET_ORDERBASEINFO (ORDER_IDX,ORDER_REGDATE,ITEM_NAMES,ITEM_TOTALPRICE,ORDER_PROGRESS,ORDER_MSG,USER_ID,SAVEADDR_NAME) values ('201803142039',to_date('18/03/14','RR/MM/DD'),'사운드바 스피커',15041,'배송완료',null,'gudrlf789','기본배송지');
Insert into CSM.CSM_MARKET_ORDERBASEINFO (ORDER_IDX,ORDER_REGDATE,ITEM_NAMES,ITEM_TOTALPRICE,ORDER_PROGRESS,ORDER_MSG,USER_ID,SAVEADDR_NAME) values ('201803151005',to_date('18/03/15','RR/MM/DD'),'사운드바 스피커',15041,'상품배송중','천천히 오세요','jubh0802','기본배송지');
Insert into CSM.CSM_MARKET_ORDERBASEINFO (ORDER_IDX,ORDER_REGDATE,ITEM_NAMES,ITEM_TOTALPRICE,ORDER_PROGRESS,ORDER_MSG,USER_ID,SAVEADDR_NAME) values ('201803151006',to_date('18/03/15','RR/MM/DD'),'게이밍 보스몬스터 울트라',579006,'상품준비중','빨리와주세요','jubh0802','기본배송지');
Insert into CSM.CSM_MARKET_ORDERBASEINFO (ORDER_IDX,ORDER_REGDATE,ITEM_NAMES,ITEM_TOTALPRICE,ORDER_PROGRESS,ORDER_MSG,USER_ID,SAVEADDR_NAME) values ('201803151109',to_date('18/03/15','RR/MM/DD'),'LG올뉴그램 14ZD980-GX76K',1599002,'배송완료',null,'gudrlf789','기본배송지');
Insert into CSM.CSM_MARKET_ORDERBASEINFO (ORDER_IDX,ORDER_REGDATE,ITEM_NAMES,ITEM_TOTALPRICE,ORDER_PROGRESS,ORDER_MSG,USER_ID,SAVEADDR_NAME) values ('201803151133',to_date('18/03/15','RR/MM/DD'),'알고리즘 책',9700,'배송완료',null,'park','기본배송지');
REM INSERTING into CSM.CSM_MARKET_ORDERITEMINFO
SET DEFINE OFF;
Insert into CSM.CSM_MARKET_ORDERITEMINFO (ORDER_IDX,ITEM_IDX,ITEM_TITLE,ITEM_NAME,ITEM_PRICE,ITEM_SAIL,ITEM_PRICERESULT,ITEM_AMOUNT,ITEM_PHOTONAME,ITEM_SELLERID,ITEM_SELLERNAME,USER_ID,ORDER_PROGRESS) values ('201803151557',26,'전화가능_갤럭시탭4 8.0탭E공기계T335SKL삼성테블릿PC','전화가능_갤럭시탭4 8.0탭E공기계T335SKL삼성테블릿PC',129050,19358,109692,1,'\resources\market\item/2018/03/15/s_ceca7048-84a9-4d8a-be89-85e29c2018fa_1.jpg','tkddn','한상우','user','배송완료');
Insert into CSM.CSM_MARKET_ORDERITEMINFO (ORDER_IDX,ITEM_IDX,ITEM_TITLE,ITEM_NAME,ITEM_PRICE,ITEM_SAIL,ITEM_PRICERESULT,ITEM_AMOUNT,ITEM_PHOTONAME,ITEM_SELLERID,ITEM_SELLERNAME,USER_ID,ORDER_PROGRESS) values ('201803151147',27,'.당일출고. 트랜센드 RDF8 / USB3.0 멀티카드리더기','.당일출고. 트랜센드 RDF8 / USB3.0 멀티카드리더기',13250,663,12587,1,'\resources\market\item/2018/03/15/s_9598f0b6-e7bb-40a1-b056-981d055df859_1.jpg','tkddn','한상우','gudrlf789','배송완료');
Insert into CSM.CSM_MARKET_ORDERITEMINFO (ORDER_IDX,ITEM_IDX,ITEM_TITLE,ITEM_NAME,ITEM_PRICE,ITEM_SAIL,ITEM_PRICERESULT,ITEM_AMOUNT,ITEM_PHOTONAME,ITEM_SELLERID,ITEM_SELLERNAME,USER_ID,ORDER_PROGRESS) values ('201803141604',14,'스프링책 팔아요','스프링 책',60000,12000,48000,1,'\resources\market\item/2018/03/14/s_1d094585-f84d-4373-962e-bb97c342b668_도서7.jpg','gudrlf789','박형길','tkddn','상품배송중');
Insert into CSM.CSM_MARKET_ORDERITEMINFO (ORDER_IDX,ITEM_IDX,ITEM_TITLE,ITEM_NAME,ITEM_PRICE,ITEM_SAIL,ITEM_PRICERESULT,ITEM_AMOUNT,ITEM_PHOTONAME,ITEM_SELLERID,ITEM_SELLERNAME,USER_ID,ORDER_PROGRESS) values ('201803151106',20,'스프링책','스프링책',10000,300,9700,1,'\resources\market\item/2018/03/15/s_fb3a18d6-45c4-43c6-b6a6-bf2dc8c3eff7_2.jpg','gudrlf789','박형길','gudrlf789','상품배송중');
Insert into CSM.CSM_MARKET_ORDERITEMINFO (ORDER_IDX,ITEM_IDX,ITEM_TITLE,ITEM_NAME,ITEM_PRICE,ITEM_SAIL,ITEM_PRICERESULT,ITEM_AMOUNT,ITEM_PHOTONAME,ITEM_SELLERID,ITEM_SELLERNAME,USER_ID,ORDER_PROGRESS) values ('201803151134',28,'c언어 책','c언어 책',15000,300,14700,1,'\resources\market\item/2018/03/15/s_12dca160-cfd6-4b10-9df2-932264840b59_d57fcf406.jpg','gudrlf789','박형길','park','배송완료');
Insert into CSM.CSM_MARKET_ORDERITEMINFO (ORDER_IDX,ITEM_IDX,ITEM_TITLE,ITEM_NAME,ITEM_PRICE,ITEM_SAIL,ITEM_PRICERESULT,ITEM_AMOUNT,ITEM_PHOTONAME,ITEM_SELLERID,ITEM_SELLERNAME,USER_ID,ORDER_PROGRESS) values ('201803151137',22,'jsp 책','jsp 책',3000,300,2700,1,'\resources\market\item/2018/03/15/s_631a9281-d9e3-4eca-899b-54a978a78c99_4.jpg','gudrlf789','박형길','park','배송완료');
Insert into CSM.CSM_MARKET_ORDERITEMINFO (ORDER_IDX,ITEM_IDX,ITEM_TITLE,ITEM_NAME,ITEM_PRICE,ITEM_SAIL,ITEM_PRICERESULT,ITEM_AMOUNT,ITEM_PHOTONAME,ITEM_SELLERID,ITEM_SELLERNAME,USER_ID,ORDER_PROGRESS) values ('201803151135',20,'스프링책','스프링책',10000,300,9700,1,'\resources\market\item/2018/03/15/s_fb3a18d6-45c4-43c6-b6a6-bf2dc8c3eff7_2.jpg','gudrlf789','박형길','park','배송완료');
Insert into CSM.CSM_MARKET_ORDERITEMINFO (ORDER_IDX,ITEM_IDX,ITEM_TITLE,ITEM_NAME,ITEM_PRICE,ITEM_SAIL,ITEM_PRICERESULT,ITEM_AMOUNT,ITEM_PHOTONAME,ITEM_SELLERID,ITEM_SELLERNAME,USER_ID,ORDER_PROGRESS) values ('201803141553',12,'[한성컴퓨터] 게이밍 보스몬스터 울트라 UX4525S/G4560/GTX1050','게이밍 보스몬스터 울트라',609480,30474,579006,1,'\resources\market\item/2018/03/14/s_96b21a7a-0393-4910-95ea-643c23b71f9f_10e9e59356.jpg','tkddn','한상우','gudrlf789','배송완료');
Insert into CSM.CSM_MARKET_ORDERITEMINFO (ORDER_IDX,ITEM_IDX,ITEM_TITLE,ITEM_NAME,ITEM_PRICE,ITEM_SAIL,ITEM_PRICERESULT,ITEM_AMOUNT,ITEM_PHOTONAME,ITEM_SELLERID,ITEM_SELLERNAME,USER_ID,ORDER_PROGRESS) values ('201803141603',11,'jsp책 팔아요','jsp책',80000,28800,51200,1,'\resources\market\item/2018/03/14/s_ed4728a4-a570-4194-9e37-d3ca3faba3fe_도서5.jpg','gudrlf789','박형길','tkddn','상품배송중');
Insert into CSM.CSM_MARKET_ORDERITEMINFO (ORDER_IDX,ITEM_IDX,ITEM_TITLE,ITEM_NAME,ITEM_PRICE,ITEM_SAIL,ITEM_PRICERESULT,ITEM_AMOUNT,ITEM_PHOTONAME,ITEM_SELLERID,ITEM_SELLERNAME,USER_ID,ORDER_PROGRESS) values ('201803141617',12,'[한성컴퓨터] 게이밍 보스몬스터 울트라 UX4525S/G4560/GTX1050','게이밍 보스몬스터 울트라',609480,30474,579006,1,'\resources\market\item/2018/03/14/s_96b21a7a-0393-4910-95ea-643c23b71f9f_10e9e59356.jpg','tkddn','한상우','ADMIN','상품배송중');
Insert into CSM.CSM_MARKET_ORDERITEMINFO (ORDER_IDX,ITEM_IDX,ITEM_TITLE,ITEM_NAME,ITEM_PRICE,ITEM_SAIL,ITEM_PRICERESULT,ITEM_AMOUNT,ITEM_PHOTONAME,ITEM_SELLERID,ITEM_SELLERNAME,USER_ID,ORDER_PROGRESS) values ('201803141721',2,'5%할인+총12GB+한컴+HBS) LG올뉴그램 14ZD980-GX76K','LG올뉴그램 14ZD980-GX76K',1683160,84158,1599002,1,'\resources\market\item/2018/03/14/s_c6e8f365-9d3f-4c06-a490-f963f4182f8d_14a4c174c6.jpg','tkddn','한상우','ADMIN','상품배송중');
Insert into CSM.CSM_MARKET_ORDERITEMINFO (ORDER_IDX,ITEM_IDX,ITEM_TITLE,ITEM_NAME,ITEM_PRICE,ITEM_SAIL,ITEM_PRICERESULT,ITEM_AMOUNT,ITEM_PHOTONAME,ITEM_SELLERID,ITEM_SELLERNAME,USER_ID,ORDER_PROGRESS) values ('201803142039',17,'[브리츠] BA-R9 PC방/27인치/컴퓨터/사운드바/스피커 단독특가','사운드바 스피커',16900,1859,15041,1,'\resources\market\item/2018/03/14/s_121f77e6-71c7-43ec-a77f-2aa4248ff32b_1244970bb6.jpg','tkddn','한상우','gudrlf789','배송완료');
Insert into CSM.CSM_MARKET_ORDERITEMINFO (ORDER_IDX,ITEM_IDX,ITEM_TITLE,ITEM_NAME,ITEM_PRICE,ITEM_SAIL,ITEM_PRICERESULT,ITEM_AMOUNT,ITEM_PHOTONAME,ITEM_SELLERID,ITEM_SELLERNAME,USER_ID,ORDER_PROGRESS) values ('201803151005',17,'[브리츠] BA-R9 PC방/27인치/컴퓨터/사운드바/스피커 단독특가','사운드바 스피커',16900,1859,15041,1,'\resources\market\item/2018/03/14/s_121f77e6-71c7-43ec-a77f-2aa4248ff32b_1244970bb6.jpg','tkddn','한상우','jubh0802','상품배송중');
Insert into CSM.CSM_MARKET_ORDERITEMINFO (ORDER_IDX,ITEM_IDX,ITEM_TITLE,ITEM_NAME,ITEM_PRICE,ITEM_SAIL,ITEM_PRICERESULT,ITEM_AMOUNT,ITEM_PHOTONAME,ITEM_SELLERID,ITEM_SELLERNAME,USER_ID,ORDER_PROGRESS) values ('201803151006',12,'[한성컴퓨터] 게이밍 보스몬스터 울트라 UX4525S/G4560/GTX1050','게이밍 보스몬스터 울트라',609480,30474,579006,1,'\resources\market\item/2018/03/14/s_96b21a7a-0393-4910-95ea-643c23b71f9f_10e9e59356.jpg','tkddn','한상우','jubh0802','상품준비중');
Insert into CSM.CSM_MARKET_ORDERITEMINFO (ORDER_IDX,ITEM_IDX,ITEM_TITLE,ITEM_NAME,ITEM_PRICE,ITEM_SAIL,ITEM_PRICERESULT,ITEM_AMOUNT,ITEM_PHOTONAME,ITEM_SELLERID,ITEM_SELLERNAME,USER_ID,ORDER_PROGRESS) values ('201803151109',2,'5%할인+총12GB+한컴+HBS) LG올뉴그램 14ZD980-GX76K','LG올뉴그램 14ZD980-GX76K',1683160,84158,1599002,1,'\resources\market\item/2018/03/14/s_c6e8f365-9d3f-4c06-a490-f963f4182f8d_14a4c174c6.jpg','tkddn','한상우','gudrlf789','배송완료');
Insert into CSM.CSM_MARKET_ORDERITEMINFO (ORDER_IDX,ITEM_IDX,ITEM_TITLE,ITEM_NAME,ITEM_PRICE,ITEM_SAIL,ITEM_PRICERESULT,ITEM_AMOUNT,ITEM_PHOTONAME,ITEM_SELLERID,ITEM_SELLERNAME,USER_ID,ORDER_PROGRESS) values ('201803151133',30,'알고리즘 책','알고리즘 책',10000,300,9700,1,'\resources\market\item/2018/03/15/s_8cb946f9-0997-4f1b-9937-d93e184e6e98_11c0bc24c6.jpg','gudrlf789','박형길','park','배송완료');
REM INSERTING into CSM.CSM_MARKET_SELLITEM_LOG
SET DEFINE OFF;
Insert into CSM.CSM_MARKET_SELLITEM_LOG (LOG_IDX,ITEM_IDX,ITEM_NAME,ITEM_PRICE,ITEM_AMOUNT,ITEM_SELLERID,ITEM_PHOTONAME,LOG_ACTION,LOG_REGDATE,USER_ID) values (12,27,'.당일출고. 트랜센드 RDF8 / USB3.0 멀티카드리더기',13250,1,'tkddn','\resources\market\item/2018/03/15/s_9598f0b6-e7bb-40a1-b056-981d055df859_1.jpg','sell',to_date('18/03/15','RR/MM/DD'),'gudrlf789');
Insert into CSM.CSM_MARKET_SELLITEM_LOG (LOG_IDX,ITEM_IDX,ITEM_NAME,ITEM_PRICE,ITEM_AMOUNT,ITEM_SELLERID,ITEM_PHOTONAME,LOG_ACTION,LOG_REGDATE,USER_ID) values (1,14,'스프링 책',60000,1,'gudrlf789','\resources\market\item/2018/03/14/s_1d094585-f84d-4373-962e-bb97c342b668_도서7.jpg','sell',to_date('18/03/14','RR/MM/DD'),'tkddn');
Insert into CSM.CSM_MARKET_SELLITEM_LOG (LOG_IDX,ITEM_IDX,ITEM_NAME,ITEM_PRICE,ITEM_AMOUNT,ITEM_SELLERID,ITEM_PHOTONAME,LOG_ACTION,LOG_REGDATE,USER_ID) values (2,11,'jsp책',80000,1,'gudrlf789','\resources\market\item/2018/03/14/s_ed4728a4-a570-4194-9e37-d3ca3faba3fe_도서5.jpg','sell',to_date('18/03/14','RR/MM/DD'),'tkddn');
Insert into CSM.CSM_MARKET_SELLITEM_LOG (LOG_IDX,ITEM_IDX,ITEM_NAME,ITEM_PRICE,ITEM_AMOUNT,ITEM_SELLERID,ITEM_PHOTONAME,LOG_ACTION,LOG_REGDATE,USER_ID) values (5,12,'게이밍 보스몬스터 울트라',609480,1,'tkddn','\resources\market\item/2018/03/14/s_96b21a7a-0393-4910-95ea-643c23b71f9f_10e9e59356.jpg','sell',to_date('18/03/14','RR/MM/DD'),'gudrlf789');
Insert into CSM.CSM_MARKET_SELLITEM_LOG (LOG_IDX,ITEM_IDX,ITEM_NAME,ITEM_PRICE,ITEM_AMOUNT,ITEM_SELLERID,ITEM_PHOTONAME,LOG_ACTION,LOG_REGDATE,USER_ID) values (7,2,'LG올뉴그램 14ZD980-GX76K',1683160,1,'tkddn','\resources\market\item/2018/03/14/s_c6e8f365-9d3f-4c06-a490-f963f4182f8d_14a4c174c6.jpg','sell',to_date('18/02/15','RR/MM/DD'),'gudrlf789');
Insert into CSM.CSM_MARKET_SELLITEM_LOG (LOG_IDX,ITEM_IDX,ITEM_NAME,ITEM_PRICE,ITEM_AMOUNT,ITEM_SELLERID,ITEM_PHOTONAME,LOG_ACTION,LOG_REGDATE,USER_ID) values (8,28,'c언어 책',15000,1,'gudrlf789','\resources\market\item/2018/03/15/s_12dca160-cfd6-4b10-9df2-932264840b59_d57fcf406.jpg','sell',to_date('18/03/15','RR/MM/DD'),'park');
Insert into CSM.CSM_MARKET_SELLITEM_LOG (LOG_IDX,ITEM_IDX,ITEM_NAME,ITEM_PRICE,ITEM_AMOUNT,ITEM_SELLERID,ITEM_PHOTONAME,LOG_ACTION,LOG_REGDATE,USER_ID) values (9,20,'스프링책',10000,1,'gudrlf789','\resources\market\item/2018/03/15/s_fb3a18d6-45c4-43c6-b6a6-bf2dc8c3eff7_2.jpg','sell',to_date('18/03/15','RR/MM/DD'),'park');
Insert into CSM.CSM_MARKET_SELLITEM_LOG (LOG_IDX,ITEM_IDX,ITEM_NAME,ITEM_PRICE,ITEM_AMOUNT,ITEM_SELLERID,ITEM_PHOTONAME,LOG_ACTION,LOG_REGDATE,USER_ID) values (10,22,'jsp 책',3000,1,'gudrlf789','\resources\market\item/2018/03/15/s_631a9281-d9e3-4eca-899b-54a978a78c99_4.jpg','sell',to_date('18/03/15','RR/MM/DD'),'park');
Insert into CSM.CSM_MARKET_SELLITEM_LOG (LOG_IDX,ITEM_IDX,ITEM_NAME,ITEM_PRICE,ITEM_AMOUNT,ITEM_SELLERID,ITEM_PHOTONAME,LOG_ACTION,LOG_REGDATE,USER_ID) values (11,30,'알고리즘 책',10000,1,'gudrlf789','\resources\market\item/2018/03/15/s_8cb946f9-0997-4f1b-9937-d93e184e6e98_11c0bc24c6.jpg','sell',to_date('18/03/15','RR/MM/DD'),'park');
Insert into CSM.CSM_MARKET_SELLITEM_LOG (LOG_IDX,ITEM_IDX,ITEM_NAME,ITEM_PRICE,ITEM_AMOUNT,ITEM_SELLERID,ITEM_PHOTONAME,LOG_ACTION,LOG_REGDATE,USER_ID) values (13,26,'전화가능_갤럭시탭4 8.0탭E공기계T335SKL삼성테블릿PC',129050,1,'tkddn','\resources\market\item/2018/03/15/s_ceca7048-84a9-4d8a-be89-85e29c2018fa_1.jpg','sell',to_date('18/03/15','RR/MM/DD'),'user');
Insert into CSM.CSM_MARKET_SELLITEM_LOG (LOG_IDX,ITEM_IDX,ITEM_NAME,ITEM_PRICE,ITEM_AMOUNT,ITEM_SELLERID,ITEM_PHOTONAME,LOG_ACTION,LOG_REGDATE,USER_ID) values (99999,99999,'임시상품',9,1,'ADMIN',null,'sell',to_date('18/02/14','RR/MM/DD'),'TEMP');
Insert into CSM.CSM_MARKET_SELLITEM_LOG (LOG_IDX,ITEM_IDX,ITEM_NAME,ITEM_PRICE,ITEM_AMOUNT,ITEM_SELLERID,ITEM_PHOTONAME,LOG_ACTION,LOG_REGDATE,USER_ID) values (3,2,'LG올뉴그램 14ZD980-GX76K',1683160,1,'tkddn','\resources\market\item/2018/03/14/s_c6e8f365-9d3f-4c06-a490-f963f4182f8d_14a4c174c6.jpg','sell',to_date('18/03/14','RR/MM/DD'),'ADMIN');
Insert into CSM.CSM_MARKET_SELLITEM_LOG (LOG_IDX,ITEM_IDX,ITEM_NAME,ITEM_PRICE,ITEM_AMOUNT,ITEM_SELLERID,ITEM_PHOTONAME,LOG_ACTION,LOG_REGDATE,USER_ID) values (4,12,'게이밍 보스몬스터 울트라',609480,1,'tkddn','\resources\market\item/2018/03/14/s_96b21a7a-0393-4910-95ea-643c23b71f9f_10e9e59356.jpg','sell',to_date('18/03/14','RR/MM/DD'),'gudrlf789');
Insert into CSM.CSM_MARKET_SELLITEM_LOG (LOG_IDX,ITEM_IDX,ITEM_NAME,ITEM_PRICE,ITEM_AMOUNT,ITEM_SELLERID,ITEM_PHOTONAME,LOG_ACTION,LOG_REGDATE,USER_ID) values (6,17,'사운드바 스피커',16900,1,'tkddn','\resources\market\item/2018/03/14/s_121f77e6-71c7-43ec-a77f-2aa4248ff32b_1244970bb6.jpg','sell',to_date('18/03/14','RR/MM/DD'),'gudrlf789');
REM INSERTING into CSM.CSM_MARKET_SUBINFO
SET DEFINE OFF;
Insert into CSM.CSM_MARKET_SUBINFO (ITEM_IDX,ITEM_REGDATE,ITEM_PHOTONAME) values (3,to_date('18/03/14','RR/MM/DD'),'/2018/03/14/s_be783d2f-c41d-4883-ba1f-9cbac36ee9fd_책2.jpg');
Insert into CSM.CSM_MARKET_SUBINFO (ITEM_IDX,ITEM_REGDATE,ITEM_PHOTONAME) values (22,to_date('18/03/15','RR/MM/DD'),'/2018/03/15/s_2551dd71-d093-4913-8489-655556760628_3.jpg');
Insert into CSM.CSM_MARKET_SUBINFO (ITEM_IDX,ITEM_REGDATE,ITEM_PHOTONAME) values (20,to_date('18/03/15','RR/MM/DD'),'/2018/03/15/s_bc4f55f1-fb08-4012-aa41-2e1ca096f94e_1.jpg');
Insert into CSM.CSM_MARKET_SUBINFO (ITEM_IDX,ITEM_REGDATE,ITEM_PHOTONAME) values (20,to_date('18/03/15','RR/MM/DD'),'/2018/03/15/s_fb3a18d6-45c4-43c6-b6a6-bf2dc8c3eff7_2.jpg');
Insert into CSM.CSM_MARKET_SUBINFO (ITEM_IDX,ITEM_REGDATE,ITEM_PHOTONAME) values (22,to_date('18/03/15','RR/MM/DD'),'/2018/03/15/s_631a9281-d9e3-4eca-899b-54a978a78c99_4.jpg');
Insert into CSM.CSM_MARKET_SUBINFO (ITEM_IDX,ITEM_REGDATE,ITEM_PHOTONAME) values (27,to_date('18/03/15','RR/MM/DD'),'/2018/03/15/s_d1d73b55-218b-42b6-8b49-7377479d83ef_1.jpg');
Insert into CSM.CSM_MARKET_SUBINFO (ITEM_IDX,ITEM_REGDATE,ITEM_PHOTONAME) values (27,to_date('18/03/15','RR/MM/DD'),'/2018/03/15/s_9598f0b6-e7bb-40a1-b056-981d055df859_1.jpg');
Insert into CSM.CSM_MARKET_SUBINFO (ITEM_IDX,ITEM_REGDATE,ITEM_PHOTONAME) values (32,to_date('18/03/15','RR/MM/DD'),'/2018/03/15/s_daad5a1a-4f4c-44f0-a55e-9c1e733024bd_1.jpg');
Insert into CSM.CSM_MARKET_SUBINFO (ITEM_IDX,ITEM_REGDATE,ITEM_PHOTONAME) values (32,to_date('18/03/15','RR/MM/DD'),'/2018/03/15/s_29f5fba2-53eb-42f7-a018-e004307ecd7d_1.jpg');
Insert into CSM.CSM_MARKET_SUBINFO (ITEM_IDX,ITEM_REGDATE,ITEM_PHOTONAME) values (12,to_date('18/03/14','RR/MM/DD'),'/2018/03/14/s_96b21a7a-0393-4910-95ea-643c23b71f9f_10e9e59356.jpg');
Insert into CSM.CSM_MARKET_SUBINFO (ITEM_IDX,ITEM_REGDATE,ITEM_PHOTONAME) values (12,to_date('18/03/14','RR/MM/DD'),'/2018/03/14/s_29d312a6-c62f-4a9b-aff9-7b4f1e66d252_10e9e59271.jpg');
Insert into CSM.CSM_MARKET_SUBINFO (ITEM_IDX,ITEM_REGDATE,ITEM_PHOTONAME) values (12,to_date('18/03/14','RR/MM/DD'),'/2018/03/14/s_ece149f6-e7c2-4c95-ba54-6d02f609ed30_10e9e592e1.jpg');
Insert into CSM.CSM_MARKET_SUBINFO (ITEM_IDX,ITEM_REGDATE,ITEM_PHOTONAME) values (33,to_date('18/03/15','RR/MM/DD'),'/2018/03/15/s_d3eec070-1e85-41ca-96bc-2c6bbd9e0685_시연2.jpg');
Insert into CSM.CSM_MARKET_SUBINFO (ITEM_IDX,ITEM_REGDATE,ITEM_PHOTONAME) values (33,to_date('18/03/15','RR/MM/DD'),'/2018/03/15/s_7b87b48d-f661-4575-b929-562e028f11b6_시연3.jpg');
Insert into CSM.CSM_MARKET_SUBINFO (ITEM_IDX,ITEM_REGDATE,ITEM_PHOTONAME) values (2,to_date('18/03/14','RR/MM/DD'),'/2018/03/14/s_c6e8f365-9d3f-4c06-a490-f963f4182f8d_14a4c174c6.jpg');
Insert into CSM.CSM_MARKET_SUBINFO (ITEM_IDX,ITEM_REGDATE,ITEM_PHOTONAME) values (25,to_date('18/03/15','RR/MM/DD'),'/2018/03/15/s_c95d5265-4f3f-4f73-badd-c09c4188477e_1467d092e6.jpg');
Insert into CSM.CSM_MARKET_SUBINFO (ITEM_IDX,ITEM_REGDATE,ITEM_PHOTONAME) values (24,to_date('18/03/15','RR/MM/DD'),'/2018/03/15/s_e99af0b7-e650-4b3e-8b8e-a8f5154a73f4_6.jpg');
Insert into CSM.CSM_MARKET_SUBINFO (ITEM_IDX,ITEM_REGDATE,ITEM_PHOTONAME) values (24,to_date('18/03/15','RR/MM/DD'),'/2018/03/15/s_f756a83a-4f62-4000-b025-db5945bc542f_5.jpg');
Insert into CSM.CSM_MARKET_SUBINFO (ITEM_IDX,ITEM_REGDATE,ITEM_PHOTONAME) values (25,to_date('18/03/15','RR/MM/DD'),'/2018/03/15/s_323ecab9-db74-4dc9-afb6-9802c16b036a_1467d092e6.jpg');
Insert into CSM.CSM_MARKET_SUBINFO (ITEM_IDX,ITEM_REGDATE,ITEM_PHOTONAME) values (26,to_date('18/03/15','RR/MM/DD'),'/2018/03/15/s_7dd33a6e-d99b-47eb-96be-e0c5ceceba61_1.jpg');
Insert into CSM.CSM_MARKET_SUBINFO (ITEM_IDX,ITEM_REGDATE,ITEM_PHOTONAME) values (26,to_date('18/03/15','RR/MM/DD'),'/2018/03/15/s_ceca7048-84a9-4d8a-be89-85e29c2018fa_1.jpg');
Insert into CSM.CSM_MARKET_SUBINFO (ITEM_IDX,ITEM_REGDATE,ITEM_PHOTONAME) values (28,to_date('18/03/15','RR/MM/DD'),'/2018/03/15/s_37afd096-59c4-4cf0-ad2c-ba98ba57696f_1.jpg');
Insert into CSM.CSM_MARKET_SUBINFO (ITEM_IDX,ITEM_REGDATE,ITEM_PHOTONAME) values (28,to_date('18/03/15','RR/MM/DD'),'/2018/03/15/s_12dca160-cfd6-4b10-9df2-932264840b59_d57fcf406.jpg');
Insert into CSM.CSM_MARKET_SUBINFO (ITEM_IDX,ITEM_REGDATE,ITEM_PHOTONAME) values (29,to_date('18/03/15','RR/MM/DD'),'/2018/03/15/s_6da8a21a-12ac-4040-bc36-a8c2961309cc_1.jpg');
Insert into CSM.CSM_MARKET_SUBINFO (ITEM_IDX,ITEM_REGDATE,ITEM_PHOTONAME) values (29,to_date('18/03/15','RR/MM/DD'),'/2018/03/15/s_ac0125a0-5873-48ff-8f63-94756cf9072d_1.jpg');
Insert into CSM.CSM_MARKET_SUBINFO (ITEM_IDX,ITEM_REGDATE,ITEM_PHOTONAME) values (30,to_date('18/03/15','RR/MM/DD'),'/2018/03/15/s_5c8e72d3-e95d-4469-8344-d22563da341f_1281ffe846.jpg');
Insert into CSM.CSM_MARKET_SUBINFO (ITEM_IDX,ITEM_REGDATE,ITEM_PHOTONAME) values (30,to_date('18/03/15','RR/MM/DD'),'/2018/03/15/s_8cb946f9-0997-4f1b-9937-d93e184e6e98_11c0bc24c6.jpg');
Insert into CSM.CSM_MARKET_SUBINFO (ITEM_IDX,ITEM_REGDATE,ITEM_PHOTONAME) values (31,to_date('18/03/15','RR/MM/DD'),'/2018/03/15/s_fb75eda2-d59b-4eba-9066-0b7968a738e3_1016854366.jpg');
Insert into CSM.CSM_MARKET_SUBINFO (ITEM_IDX,ITEM_REGDATE,ITEM_PHOTONAME) values (31,to_date('18/03/15','RR/MM/DD'),'/2018/03/15/s_e204930d-92bc-49c6-983c-f3d7c7987ddf_1324392516.jpg');
REM INSERTING into CSM.CSM_MESSAGE
SET DEFINE OFF;
Insert into CSM.CSM_MESSAGE (MESSAGENUM,TITLE,SENDERID,RECEIVERID,CONTENT,REGIDATE,RECEIVERCHECKS) values (6,'프로젝트 같이 하실분~ 게시글입니다.','tkddn','user','연락주세요.',to_date('18/03/15','RR/MM/DD'),0);
Insert into CSM.CSM_MESSAGE (MESSAGENUM,TITLE,SENDERID,RECEIVERID,CONTENT,REGIDATE,RECEIVERCHECKS) values (7,'프로젝트 같이 하실분~ 게시글입니다.','tkddn','gudrlf789','연락주세요.',to_date('18/03/15','RR/MM/DD'),0);
Insert into CSM.CSM_MESSAGE (MESSAGENUM,TITLE,SENDERID,RECEIVERID,CONTENT,REGIDATE,RECEIVERCHECKS) values (3,'구합니다 게시글입니다.','ADMIN','gudrlf789','연락주세요.',to_date('18/03/14','RR/MM/DD'),1);
Insert into CSM.CSM_MESSAGE (MESSAGENUM,TITLE,SENDERID,RECEIVERID,CONTENT,REGIDATE,RECEIVERCHECKS) values (4,'구합니다 게시글입니다.','ADMIN','gudrlf789','연락주세요.',to_date('18/03/14','RR/MM/DD'),0);
Insert into CSM.CSM_MESSAGE (MESSAGENUM,TITLE,SENDERID,RECEIVERID,CONTENT,REGIDATE,RECEIVERCHECKS) values (2,'운영자님','jubh0802','ADMIN','정말 수고가 많으십니다 ㅎㅎ',to_date('18/03/14','RR/MM/DD'),0);
Insert into CSM.CSM_MESSAGE (MESSAGENUM,TITLE,SENDERID,RECEIVERID,CONTENT,REGIDATE,RECEIVERCHECKS) values (5,'프로그래머 구합니다~~ 게시글입니다.','gudrlf789','tkddn','연락주세요.',to_date('18/03/14','RR/MM/DD'),1);
REM INSERTING into CSM.CSM_NOTICEINFO_BOARD
SET DEFINE OFF;
Insert into CSM.CSM_NOTICEINFO_BOARD (NOTICE_BNO,NOTICE_TITLE,NOTICE_CONTENT,NOTICE_WRITER,NOTICE_REGIDATE,NOTICE_VIEWCNT) values (4,'3/15 수료입니다.','<p>수고하셨습니다~</p>','운영자',to_date('18/03/15','RR/MM/DD'),0);
Insert into CSM.CSM_NOTICEINFO_BOARD (NOTICE_BNO,NOTICE_TITLE,NOTICE_CONTENT,NOTICE_WRITER,NOTICE_REGIDATE,NOTICE_VIEWCNT) values (2,'공지합니다','<p>안녕하세요~</p>','운영자',to_date('18/03/15','RR/MM/DD'),0);
Insert into CSM.CSM_NOTICEINFO_BOARD (NOTICE_BNO,NOTICE_TITLE,NOTICE_CONTENT,NOTICE_WRITER,NOTICE_REGIDATE,NOTICE_VIEWCNT) values (3,'CSM 입니다.','<p>안녕하세요~</p>','운영자',to_date('18/03/15','RR/MM/DD'),0);
REM INSERTING into CSM.CSM_PROGRAM
SET DEFINE OFF;
Insert into CSM.CSM_PROGRAM (IDX,ID,TITLE,CONTENTS,REGIDATE,VIEWCNT,TYPE,PMAX,CURRENTNUM,SELECTDATE) values (3,'ADMIN','구합니다','<p>~~~</p>',to_date('18/03/14','RR/MM/DD'),32,'p',2,1,to_date('18/03/15','RR/MM/DD'));
Insert into CSM.CSM_PROGRAM (IDX,ID,TITLE,CONTENTS,REGIDATE,VIEWCNT,TYPE,PMAX,CURRENTNUM,SELECTDATE) values (5,'user','구해여','사람구해요',to_date('18/03/15','RR/MM/DD'),0,'p',3,0,to_date('18/03/17','RR/MM/DD'));
Insert into CSM.CSM_PROGRAM (IDX,ID,TITLE,CONTENTS,REGIDATE,VIEWCNT,TYPE,PMAX,CURRENTNUM,SELECTDATE) values (2,'gudrlf789','프로그래머 구합니다~~','같이 프로젝트할 프로그래머 구합니다',to_date('18/03/14','RR/MM/DD'),7,'p',1,1,to_date('18/03/15','RR/MM/DD'));
Insert into CSM.CSM_PROGRAM (IDX,ID,TITLE,CONTENTS,REGIDATE,VIEWCNT,TYPE,PMAX,CURRENTNUM,SELECTDATE) values (4,'tkddn','프로젝트 같이 하실분~','<p>구합니다~</p>',to_date('18/03/15','RR/MM/DD'),17,'p',2,2,to_date('18/03/16','RR/MM/DD'));
REM INSERTING into CSM.CSM_QNA_BOARD
SET DEFINE OFF;
REM INSERTING into CSM.CSM_QUESTIONBOARD
SET DEFINE OFF;
Insert into CSM.CSM_QUESTIONBOARD (BNO,QUESTION,TITLE,WRITER,REGDATE,VIEWCOUNT,POINT,REPLYCOUNT,BGROUP,BSTEP,INDENT,IP,CHECKCOUNT,LIKENUM) values (2,'디자인','디자인 관련 질문이요','gudrlf789',to_date('18/03/14','RR/MM/DD'),4,20,0,2,0,0,'192.168.0.182',0,0);
Insert into CSM.CSM_QUESTIONBOARD (BNO,QUESTION,TITLE,WRITER,REGDATE,VIEWCOUNT,POINT,REPLYCOUNT,BGROUP,BSTEP,INDENT,IP,CHECKCOUNT,LIKENUM) values (4,'프로그래밍','개발자 분들 도와주세요 ㅜㅜㅜㅜ','jubh0802',to_date('18/03/14','RR/MM/DD'),2,40,0,4,0,0,'192.168.0.157',0,0);
Insert into CSM.CSM_QUESTIONBOARD (BNO,QUESTION,TITLE,WRITER,REGDATE,VIEWCOUNT,POINT,REPLYCOUNT,BGROUP,BSTEP,INDENT,IP,CHECKCOUNT,LIKENUM) values (6,'프로그래밍','아 정말 미치겠네요 spring실행이 안됍니다','jubh0802',to_date('18/03/14','RR/MM/DD'),7,100,1,6,0,0,'192.168.0.157',0,0);
Insert into CSM.CSM_QUESTIONBOARD (BNO,QUESTION,TITLE,WRITER,REGDATE,VIEWCOUNT,POINT,REPLYCOUNT,BGROUP,BSTEP,INDENT,IP,CHECKCOUNT,LIKENUM) values (10,'디자인','로고만 제작할 수 있는 디자이너 혹시 있을까요??','gudrlf789',to_date('18/03/14','RR/MM/DD'),0,0,0,7,1,1,null,0,1);
Insert into CSM.CSM_QUESTIONBOARD (BNO,QUESTION,TITLE,WRITER,REGDATE,VIEWCOUNT,POINT,REPLYCOUNT,BGROUP,BSTEP,INDENT,IP,CHECKCOUNT,LIKENUM) values (11,'디자인','로고만 제작할 수 있는 디자이너 혹시 있을까요??','gudrlf789',to_date('18/03/14','RR/MM/DD'),0,0,0,7,1,1,null,0,0);
Insert into CSM.CSM_QUESTIONBOARD (BNO,QUESTION,TITLE,WRITER,REGDATE,VIEWCOUNT,POINT,REPLYCOUNT,BGROUP,BSTEP,INDENT,IP,CHECKCOUNT,LIKENUM) values (13,'디자인','디자이너한테 javascript가 꼭 필요할까요??','gudrlf789',to_date('18/03/15','RR/MM/DD'),0,0,0,5,1,1,null,0,1);
Insert into CSM.CSM_QUESTIONBOARD (BNO,QUESTION,TITLE,WRITER,REGDATE,VIEWCOUNT,POINT,REPLYCOUNT,BGROUP,BSTEP,INDENT,IP,CHECKCOUNT,LIKENUM) values (15,'커뮤니케이션','팀과 소통이 잘안됩니다','gudrlf789',to_date('18/03/15','RR/MM/DD'),0,0,0,14,1,1,null,0,2);
Insert into CSM.CSM_QUESTIONBOARD (BNO,QUESTION,TITLE,WRITER,REGDATE,VIEWCOUNT,POINT,REPLYCOUNT,BGROUP,BSTEP,INDENT,IP,CHECKCOUNT,LIKENUM) values (16,'커뮤니케이션','팀과 소통이 잘안됩니다','jubh0802',to_date('18/03/15','RR/MM/DD'),0,0,0,14,1,1,null,0,0);
Insert into CSM.CSM_QUESTIONBOARD (BNO,QUESTION,TITLE,WRITER,REGDATE,VIEWCOUNT,POINT,REPLYCOUNT,BGROUP,BSTEP,INDENT,IP,CHECKCOUNT,LIKENUM) values (18,'커뮤니케이션','팀과 소통이 잘안됩니다','asd',to_date('18/03/15','RR/MM/DD'),0,0,0,14,1,1,null,0,1);
Insert into CSM.CSM_QUESTIONBOARD (BNO,QUESTION,TITLE,WRITER,REGDATE,VIEWCOUNT,POINT,REPLYCOUNT,BGROUP,BSTEP,INDENT,IP,CHECKCOUNT,LIKENUM) values (3,'비용견적','간단한 홈페이지 하나를 만드는데 얼마가 들까요??','jubh0802',to_date('18/03/14','RR/MM/DD'),2,20,0,3,0,0,'192.168.0.157',0,0);
Insert into CSM.CSM_QUESTIONBOARD (BNO,QUESTION,TITLE,WRITER,REGDATE,VIEWCOUNT,POINT,REPLYCOUNT,BGROUP,BSTEP,INDENT,IP,CHECKCOUNT,LIKENUM) values (5,'디자인','디자이너한테 javascript가 꼭 필요할까요??','jubh0802',to_date('18/03/14','RR/MM/DD'),4,40,1,5,0,0,'192.168.0.157',0,0);
Insert into CSM.CSM_QUESTIONBOARD (BNO,QUESTION,TITLE,WRITER,REGDATE,VIEWCOUNT,POINT,REPLYCOUNT,BGROUP,BSTEP,INDENT,IP,CHECKCOUNT,LIKENUM) values (7,'디자인','로고만 제작할 수 있는 디자이너 혹시 있을까요??','jubh0802',to_date('18/03/14','RR/MM/DD'),26,20,4,7,0,0,'192.168.0.157',1,0);
Insert into CSM.CSM_QUESTIONBOARD (BNO,QUESTION,TITLE,WRITER,REGDATE,VIEWCOUNT,POINT,REPLYCOUNT,BGROUP,BSTEP,INDENT,IP,CHECKCOUNT,LIKENUM) values (8,'디자인','로고만 제작할 수 있는 디자이너 혹시 있을까요??','ADMIN',to_date('18/03/14','RR/MM/DD'),0,0,0,7,1,1,null,0,2);
Insert into CSM.CSM_QUESTIONBOARD (BNO,QUESTION,TITLE,WRITER,REGDATE,VIEWCOUNT,POINT,REPLYCOUNT,BGROUP,BSTEP,INDENT,IP,CHECKCOUNT,LIKENUM) values (9,'디자인','로고만 제작할 수 있는 디자이너 혹시 있을까요??','tkddn',to_date('18/03/14','RR/MM/DD'),0,0,0,7,1,1,null,1,0);
Insert into CSM.CSM_QUESTIONBOARD (BNO,QUESTION,TITLE,WRITER,REGDATE,VIEWCOUNT,POINT,REPLYCOUNT,BGROUP,BSTEP,INDENT,IP,CHECKCOUNT,LIKENUM) values (12,'프로그래밍','아 정말 미치겠네요 spring실행이 안됍니다','gudrlf789',to_date('18/03/15','RR/MM/DD'),0,0,0,6,1,1,null,0,2);
Insert into CSM.CSM_QUESTIONBOARD (BNO,QUESTION,TITLE,WRITER,REGDATE,VIEWCOUNT,POINT,REPLYCOUNT,BGROUP,BSTEP,INDENT,IP,CHECKCOUNT,LIKENUM) values (14,'커뮤니케이션','팀과 소통이 잘안됩니다','tkddn',to_date('18/03/15','RR/MM/DD'),39,100,5,14,0,0,'0:0:0:0:0:0:0:1',1,0);
Insert into CSM.CSM_QUESTIONBOARD (BNO,QUESTION,TITLE,WRITER,REGDATE,VIEWCOUNT,POINT,REPLYCOUNT,BGROUP,BSTEP,INDENT,IP,CHECKCOUNT,LIKENUM) values (17,'커뮤니케이션','팀과 소통이 잘안됩니다','asd',to_date('18/03/15','RR/MM/DD'),0,0,0,14,1,1,null,1,0);
Insert into CSM.CSM_QUESTIONBOARD (BNO,QUESTION,TITLE,WRITER,REGDATE,VIEWCOUNT,POINT,REPLYCOUNT,BGROUP,BSTEP,INDENT,IP,CHECKCOUNT,LIKENUM) values (19,'커뮤니케이션','팀과 소통이 잘안됩니다','gudrlf',to_date('18/03/15','RR/MM/DD'),0,0,0,14,1,1,null,0,1);
REM INSERTING into CSM.CSM_REPLY
SET DEFINE OFF;
Insert into CSM.CSM_REPLY (RNO,BNO,REPLYER,REGDATE,UPDATEDATE,BGROUP,INDENT,LIKENUM,TYPEBOARD) values (10,12,'tkddn',to_date('18/03/15','RR/MM/DD'),to_date('18/03/15','RR/MM/DD'),10,0,0,'free');
Insert into CSM.CSM_REPLY (RNO,BNO,REPLYER,REGDATE,UPDATEDATE,BGROUP,INDENT,LIKENUM,TYPEBOARD) values (4,5,'gudrlf789',to_date('18/03/14','RR/MM/DD'),to_date('18/03/14','RR/MM/DD'),4,0,0,'free');
Insert into CSM.CSM_REPLY (RNO,BNO,REPLYER,REGDATE,UPDATEDATE,BGROUP,INDENT,LIKENUM,TYPEBOARD) values (5,9,'tkddn',to_date('18/03/14','RR/MM/DD'),to_date('18/03/14','RR/MM/DD'),5,0,0,'free');
Insert into CSM.CSM_REPLY (RNO,BNO,REPLYER,REGDATE,UPDATEDATE,BGROUP,INDENT,LIKENUM,TYPEBOARD) values (6,11,'park',to_date('18/03/15','RR/MM/DD'),to_date('18/03/15','RR/MM/DD'),6,0,0,'free');
Insert into CSM.CSM_REPLY (RNO,BNO,REPLYER,REGDATE,UPDATEDATE,BGROUP,INDENT,LIKENUM,TYPEBOARD) values (8,18,'park',to_date('18/03/15','RR/MM/DD'),to_date('18/03/15','RR/MM/DD'),8,0,0,'qa');
Insert into CSM.CSM_REPLY (RNO,BNO,REPLYER,REGDATE,UPDATEDATE,BGROUP,INDENT,LIKENUM,TYPEBOARD) values (2,7,'gudrlf789',to_date('18/03/14','RR/MM/DD'),to_date('18/03/14','RR/MM/DD'),2,0,0,'free');
Insert into CSM.CSM_REPLY (RNO,BNO,REPLYER,REGDATE,UPDATEDATE,BGROUP,INDENT,LIKENUM,TYPEBOARD) values (3,6,'gudrlf789',to_date('18/03/14','RR/MM/DD'),to_date('18/03/14','RR/MM/DD'),3,0,0,'free');
Insert into CSM.CSM_REPLY (RNO,BNO,REPLYER,REGDATE,UPDATEDATE,BGROUP,INDENT,LIKENUM,TYPEBOARD) values (7,15,'park',to_date('18/03/15','RR/MM/DD'),to_date('18/03/15','RR/MM/DD'),7,0,0,'qa');
Insert into CSM.CSM_REPLY (RNO,BNO,REPLYER,REGDATE,UPDATEDATE,BGROUP,INDENT,LIKENUM,TYPEBOARD) values (9,15,'gudrlf',to_date('18/03/15','RR/MM/DD'),to_date('18/03/15','RR/MM/DD'),9,0,0,'qa');
REM INSERTING into CSM.CSM_RESUME
SET DEFINE OFF;
Insert into CSM.CSM_RESUME (NAME,PHONENUMBER,IDX,UNO,TYPE,GENDER,BIRTHDAY,ID,STATUS,REGIDATE,MAILNUMBER,STREETADDR,DETAILEDADDR,CAREER,AWARD,ACCEPT) values ('김','0100',4,12,'p','남자',null,'user','읽음',to_date('18/03/15','RR/MM/DD'),'08500','서울 금천구 가마산로 70','ㅁㅁ','없음','없음',1);
Insert into CSM.CSM_RESUME (NAME,PHONENUMBER,IDX,UNO,TYPE,GENDER,BIRTHDAY,ID,STATUS,REGIDATE,MAILNUMBER,STREETADDR,DETAILEDADDR,CAREER,AWARD,ACCEPT) values ('한상우','010-8323-9068',2,2,'p','남자',null,'tkddn','읽음',to_date('18/02/14','RR/MM/DD'),'07439','서울 영등포구 대림동 957-15','대림테크빌 B동 402호','한국소프트웨어인재개발원','모범상',1);
Insert into CSM.CSM_RESUME (NAME,PHONENUMBER,IDX,UNO,TYPE,GENDER,BIRTHDAY,ID,STATUS,REGIDATE,MAILNUMBER,STREETADDR,DETAILEDADDR,CAREER,AWARD,ACCEPT) values ('박형길','01072074571',3,6,'p','남자',null,'gudrlf789','읽음',to_date('18/03/14','RR/MM/DD'),'14268','경기 광명시 광명로 866','1111','qwe','qwe',1);
Insert into CSM.CSM_RESUME (NAME,PHONENUMBER,IDX,UNO,TYPE,GENDER,BIRTHDAY,ID,STATUS,REGIDATE,MAILNUMBER,STREETADDR,DETAILEDADDR,CAREER,AWARD,ACCEPT) values ('박형길','01072074571',3,8,'p','남자',null,'gudrlf789','읽음',to_date('18/03/14','RR/MM/DD'),'14268','경기 광명시 광명로 866','1111','박형길','박형길',0);
Insert into CSM.CSM_RESUME (NAME,PHONENUMBER,IDX,UNO,TYPE,GENDER,BIRTHDAY,ID,STATUS,REGIDATE,MAILNUMBER,STREETADDR,DETAILEDADDR,CAREER,AWARD,ACCEPT) values ('주병현','01041709993',3,9,'p','남자',null,'jubh0802','안읽음',to_date('18/03/15','RR/MM/DD'),'06000','서울 강남구 강남대로 708','서울역 삼단거리','6개월 자바','모범상(99.7%)',0);
Insert into CSM.CSM_RESUME (NAME,PHONENUMBER,IDX,UNO,TYPE,GENDER,BIRTHDAY,ID,STATUS,REGIDATE,MAILNUMBER,STREETADDR,DETAILEDADDR,CAREER,AWARD,ACCEPT) values ('한상우','010-8323-9068',2,3,'p','남자',null,'tkddn','안읽음',to_date('18/03/14','RR/MM/DD'),'07439','서울 영등포구 대림동 957-15','대림테크빌 B동 402호','자바개발자','1등',0);
Insert into CSM.CSM_RESUME (NAME,PHONENUMBER,IDX,UNO,TYPE,GENDER,BIRTHDAY,ID,STATUS,REGIDATE,MAILNUMBER,STREETADDR,DETAILEDADDR,CAREER,AWARD,ACCEPT) values ('한상우','010-8323-9068',2,4,'p','남자',null,'tkddn','안읽음',to_date('18/03/14','RR/MM/DD'),'07439','서울 영등포구 대림동 957-15','대림테크빌 B동 402호','친구','인맥',0);
Insert into CSM.CSM_RESUME (NAME,PHONENUMBER,IDX,UNO,TYPE,GENDER,BIRTHDAY,ID,STATUS,REGIDATE,MAILNUMBER,STREETADDR,DETAILEDADDR,CAREER,AWARD,ACCEPT) values ('한상우','010-8323-9068',2,5,'p','남자',null,'tkddn','안읽음',to_date('18/03/14','RR/MM/DD'),'07439','서울 영등포구 대림동 957-15','대림테크빌 B동 402호','초급개발자','없음',0);
Insert into CSM.CSM_RESUME (NAME,PHONENUMBER,IDX,UNO,TYPE,GENDER,BIRTHDAY,ID,STATUS,REGIDATE,MAILNUMBER,STREETADDR,DETAILEDADDR,CAREER,AWARD,ACCEPT) values ('박형길','01072074571',3,7,'d','남자',null,'gudrlf789','읽음',to_date('18/03/14','RR/MM/DD'),'14268','경기 광명시 광명로 866','1111','123','123',1);
Insert into CSM.CSM_RESUME (NAME,PHONENUMBER,IDX,UNO,TYPE,GENDER,BIRTHDAY,ID,STATUS,REGIDATE,MAILNUMBER,STREETADDR,DETAILEDADDR,CAREER,AWARD,ACCEPT) values ('박형길','01072074571',4,11,'p','남자',null,'gudrlf789','읽음',to_date('18/03/15','RR/MM/DD'),'14268','경기 광명시 광명로 866','1111','한국소프트웨어인재개발원','특모범상',1);
REM INSERTING into CSM.CSM_USER_ACTION
SET DEFINE OFF;
Insert into CSM.CSM_USER_ACTION (USER_ID,USER_ACTION,USER_FLAG,ACTION_REGDATE) values ('user','check',1,to_date('18/03/15','RR/MM/DD'));
Insert into CSM.CSM_USER_ACTION (USER_ID,USER_ACTION,USER_FLAG,ACTION_REGDATE) values ('user','check',1,to_date('18/03/15','RR/MM/DD'));
Insert into CSM.CSM_USER_ACTION (USER_ID,USER_ACTION,USER_FLAG,ACTION_REGDATE) values ('ADMIN','check',1,to_date('18/03/14','RR/MM/DD'));
Insert into CSM.CSM_USER_ACTION (USER_ID,USER_ACTION,USER_FLAG,ACTION_REGDATE) values ('gudrlf789','check',1,to_date('18/03/15','RR/MM/DD'));
Insert into CSM.CSM_USER_ACTION (USER_ID,USER_ACTION,USER_FLAG,ACTION_REGDATE) values ('gudrlf789','check',1,to_date('18/03/14','RR/MM/DD'));
Insert into CSM.CSM_USER_ACTION (USER_ID,USER_ACTION,USER_FLAG,ACTION_REGDATE) values ('tkddn','like',8,to_date('18/03/14','RR/MM/DD'));
Insert into CSM.CSM_USER_ACTION (USER_ID,USER_ACTION,USER_FLAG,ACTION_REGDATE) values ('gudrlf789','like',8,to_date('18/03/14','RR/MM/DD'));
Insert into CSM.CSM_USER_ACTION (USER_ID,USER_ACTION,USER_FLAG,ACTION_REGDATE) values ('gudrlf789','like',10,to_date('18/03/14','RR/MM/DD'));
Insert into CSM.CSM_USER_ACTION (USER_ID,USER_ACTION,USER_FLAG,ACTION_REGDATE) values ('jubh0802','check',1,to_date('18/03/15','RR/MM/DD'));
Insert into CSM.CSM_USER_ACTION (USER_ID,USER_ACTION,USER_FLAG,ACTION_REGDATE) values ('gudrlf789','like',12,to_date('18/03/15','RR/MM/DD'));
Insert into CSM.CSM_USER_ACTION (USER_ID,USER_ACTION,USER_FLAG,ACTION_REGDATE) values ('gudrlf789','like',15,to_date('18/03/15','RR/MM/DD'));
Insert into CSM.CSM_USER_ACTION (USER_ID,USER_ACTION,USER_FLAG,ACTION_REGDATE) values ('tkddn','like',15,to_date('18/03/15','RR/MM/DD'));
Insert into CSM.CSM_USER_ACTION (USER_ID,USER_ACTION,USER_FLAG,ACTION_REGDATE) values ('gudrlf','like',19,to_date('18/03/15','RR/MM/DD'));
Insert into CSM.CSM_USER_ACTION (USER_ID,USER_ACTION,USER_FLAG,ACTION_REGDATE) values ('asd','like',18,to_date('18/03/15','RR/MM/DD'));
Insert into CSM.CSM_USER_ACTION (USER_ID,USER_ACTION,USER_FLAG,ACTION_REGDATE) values ('asd','like',12,to_date('18/03/15','RR/MM/DD'));
Insert into CSM.CSM_USER_ACTION (USER_ID,USER_ACTION,USER_FLAG,ACTION_REGDATE) values ('asd','like',13,to_date('18/03/15','RR/MM/DD'));
REM INSERTING into CSM.CSM_USER_BASEINFO
SET DEFINE OFF;
Insert into CSM.CSM_USER_BASEINFO (USER_ID,USER_PASS,USER_NAME,USER_GENDER,USER_BIRTHDAY,USER_EMAIL,USER_PHONE,USER_MAILNUMBER,USER_STREETADDR,USER_DETAILEDADDR,USER_TERMSSERVICE,USER_TERMSPRIVACY,USER_TERMSLOCATION,USER_TERMSEMAIL,USER_REGDATE,USER_AUTHORITY,USER_POINT,USER_SESSIONKEY,USER_SESSIONLIMIT) values ('user','03ac674216f3e15c761ee1a5e255f067953623c8b388b4459e13f978d7c846f4','김','남자',to_date('18/03/13','RR/MM/DD'),'rladydrbs92@naver.com','0100','08500','서울 금천구 가마산로 70','ㅁㅁ','on','on','Y','Y',to_date('18/03/15','RR/MM/DD'),'USER',0,'none',null);
Insert into CSM.CSM_USER_BASEINFO (USER_ID,USER_PASS,USER_NAME,USER_GENDER,USER_BIRTHDAY,USER_EMAIL,USER_PHONE,USER_MAILNUMBER,USER_STREETADDR,USER_DETAILEDADDR,USER_TERMSSERVICE,USER_TERMSPRIVACY,USER_TERMSLOCATION,USER_TERMSEMAIL,USER_REGDATE,USER_AUTHORITY,USER_POINT,USER_SESSIONKEY,USER_SESSIONLIMIT) values ('ADMIN','03ac674216f3e15c761ee1a5e255f067953623c8b388b4459e13f978d7c846f4','운영자','남자',to_date('92/03/16','RR/MM/DD'),'sungpyo7014@naver.com','01044254327','08500','서울 금천구 가마산로 74','월드메리디앙 2차','on','on','Y','Y',to_date('18/03/14','RR/MM/DD'),'ADMIN',0,'none',null);
Insert into CSM.CSM_USER_BASEINFO (USER_ID,USER_PASS,USER_NAME,USER_GENDER,USER_BIRTHDAY,USER_EMAIL,USER_PHONE,USER_MAILNUMBER,USER_STREETADDR,USER_DETAILEDADDR,USER_TERMSSERVICE,USER_TERMSPRIVACY,USER_TERMSLOCATION,USER_TERMSEMAIL,USER_REGDATE,USER_AUTHORITY,USER_POINT,USER_SESSIONKEY,USER_SESSIONLIMIT) values ('tkddn','03ac674216f3e15c761ee1a5e255f067953623c8b388b4459e13f978d7c846f4','한상우','남자',to_date('92/10/17','RR/MM/DD'),'ipi09.naver@daum.net','010-8323-9068','07439','서울 영등포구 대림동 957-15','대림테크빌 B동 402호','on','on','Y','Y',to_date('18/03/14','RR/MM/DD'),'SELLOR',150160,'none',null);
Insert into CSM.CSM_USER_BASEINFO (USER_ID,USER_PASS,USER_NAME,USER_GENDER,USER_BIRTHDAY,USER_EMAIL,USER_PHONE,USER_MAILNUMBER,USER_STREETADDR,USER_DETAILEDADDR,USER_TERMSSERVICE,USER_TERMSPRIVACY,USER_TERMSLOCATION,USER_TERMSEMAIL,USER_REGDATE,USER_AUTHORITY,USER_POINT,USER_SESSIONKEY,USER_SESSIONLIMIT) values ('gudrlf789','03ac674216f3e15c761ee1a5e255f067953623c8b388b4459e13f978d7c846f4','박형길','남자',to_date('18/03/13','RR/MM/DD'),'gudrlf7913@naver.com','01072074571','14268','경기 광명시 광명로 866','1111','on','on','Y','Y',to_date('18/03/14','RR/MM/DD'),'SELLOR',50195,'none',null);
Insert into CSM.CSM_USER_BASEINFO (USER_ID,USER_PASS,USER_NAME,USER_GENDER,USER_BIRTHDAY,USER_EMAIL,USER_PHONE,USER_MAILNUMBER,USER_STREETADDR,USER_DETAILEDADDR,USER_TERMSSERVICE,USER_TERMSPRIVACY,USER_TERMSLOCATION,USER_TERMSEMAIL,USER_REGDATE,USER_AUTHORITY,USER_POINT,USER_SESSIONKEY,USER_SESSIONLIMIT) values ('jubh0802','74c6997c5529e0e9333ecc69a9e7465b93e53b76ce022238e52b16ecd5f3be4f','주병현','남자',to_date('18/03/07','RR/MM/DD'),'wnqudgus1234@gmail.com','01041709993','06000','서울 강남구 강남대로 708','서울역 삼단거리','on','on','Y','Y',to_date('18/03/14','RR/MM/DD'),'USER',905028,'none',null);
Insert into CSM.CSM_USER_BASEINFO (USER_ID,USER_PASS,USER_NAME,USER_GENDER,USER_BIRTHDAY,USER_EMAIL,USER_PHONE,USER_MAILNUMBER,USER_STREETADDR,USER_DETAILEDADDR,USER_TERMSSERVICE,USER_TERMSPRIVACY,USER_TERMSLOCATION,USER_TERMSEMAIL,USER_REGDATE,USER_AUTHORITY,USER_POINT,USER_SESSIONKEY,USER_SESSIONLIMIT) values ('asd','03ac674216f3e15c761ee1a5e255f067953623c8b388b4459e13f978d7c846f4','김병현','남자',to_date('98/03/26','RR/MM/DD'),'wnqudgus1234@gmail.com','01011110000','06313','서울 강남구 양재대로 333','정읍주택 442-22','on','on','Y','Y',to_date('18/03/15','RR/MM/DD'),'SELLOR',0,'none',null);
Insert into CSM.CSM_USER_BASEINFO (USER_ID,USER_PASS,USER_NAME,USER_GENDER,USER_BIRTHDAY,USER_EMAIL,USER_PHONE,USER_MAILNUMBER,USER_STREETADDR,USER_DETAILEDADDR,USER_TERMSSERVICE,USER_TERMSPRIVACY,USER_TERMSLOCATION,USER_TERMSEMAIL,USER_REGDATE,USER_AUTHORITY,USER_POINT,USER_SESSIONKEY,USER_SESSIONLIMIT) values ('gudrlf','03ac674216f3e15c761ee1a5e255f067953623c8b388b4459e13f978d7c846f4','박형길','남자',to_date('18/03/12','RR/MM/DD'),'gudrlf7913@naver.com','01072074571','08500','서울 금천구 가마산로 70','2222','on','on','Y','Y',to_date('18/03/15','RR/MM/DD'),'USER',5,'none',null);
Insert into CSM.CSM_USER_BASEINFO (USER_ID,USER_PASS,USER_NAME,USER_GENDER,USER_BIRTHDAY,USER_EMAIL,USER_PHONE,USER_MAILNUMBER,USER_STREETADDR,USER_DETAILEDADDR,USER_TERMSSERVICE,USER_TERMSPRIVACY,USER_TERMSLOCATION,USER_TERMSEMAIL,USER_REGDATE,USER_AUTHORITY,USER_POINT,USER_SESSIONKEY,USER_SESSIONLIMIT) values ('wnqudgus1234','83b9850f08eb2933acbb410322e4a8c7470ab428a028b9397ca02d2849b8dae7','주병현','남자',to_date('09/03/12','RR/MM/DD'),'wnqudgus1234@gmail.com','010-4170-9993','06236','서울 강남구 테헤란로 138','코딩빌라 3동 101호','on','on','Y','Y',to_date('18/03/14','RR/MM/DD'),'USER',0,'none',null);
Insert into CSM.CSM_USER_BASEINFO (USER_ID,USER_PASS,USER_NAME,USER_GENDER,USER_BIRTHDAY,USER_EMAIL,USER_PHONE,USER_MAILNUMBER,USER_STREETADDR,USER_DETAILEDADDR,USER_TERMSSERVICE,USER_TERMSPRIVACY,USER_TERMSLOCATION,USER_TERMSEMAIL,USER_REGDATE,USER_AUTHORITY,USER_POINT,USER_SESSIONKEY,USER_SESSIONLIMIT) values ('park','03ac674216f3e15c761ee1a5e255f067953623c8b388b4459e13f978d7c846f4','박형길','남자',to_date('18/03/07','RR/MM/DD'),'gudrlf7913@naver.com','01072074571','08500','서울 금천구 가마산로 70','1111111','on','on','Y','Y',to_date('18/03/15','RR/MM/DD'),'USER',15,'none',null);
REM INSERTING into CSM.CSM_USER_LOG
SET DEFINE OFF;
Insert into CSM.CSM_USER_LOG (LOG_IDX,USER_ID,LOG_ACTION,LOG_REGDATE) values (79,'tkddn','L',to_date('18/03/14','RR/MM/DD'));
Insert into CSM.CSM_USER_LOG (LOG_IDX,USER_ID,LOG_ACTION,LOG_REGDATE) values (80,'gudrlf789','L',to_date('18/03/14','RR/MM/DD'));
Insert into CSM.CSM_USER_LOG (LOG_IDX,USER_ID,LOG_ACTION,LOG_REGDATE) values (81,'gudrlf789','L',to_date('18/03/14','RR/MM/DD'));
Insert into CSM.CSM_USER_LOG (LOG_IDX,USER_ID,LOG_ACTION,LOG_REGDATE) values (83,'tkddn','L',to_date('18/03/14','RR/MM/DD'));
Insert into CSM.CSM_USER_LOG (LOG_IDX,USER_ID,LOG_ACTION,LOG_REGDATE) values (138,'asd','L',to_date('18/03/15','RR/MM/DD'));
Insert into CSM.CSM_USER_LOG (LOG_IDX,USER_ID,LOG_ACTION,LOG_REGDATE) values (153,'jubh0802','L',to_date('18/03/15','RR/MM/DD'));
Insert into CSM.CSM_USER_LOG (LOG_IDX,USER_ID,LOG_ACTION,LOG_REGDATE) values (133,'gudrlf789','L',to_date('18/03/15','RR/MM/DD'));
Insert into CSM.CSM_USER_LOG (LOG_IDX,USER_ID,LOG_ACTION,LOG_REGDATE) values (134,'tkddn','L',to_date('18/03/15','RR/MM/DD'));
Insert into CSM.CSM_USER_LOG (LOG_IDX,USER_ID,LOG_ACTION,LOG_REGDATE) values (136,'ADMIN','L',to_date('18/03/15','RR/MM/DD'));
Insert into CSM.CSM_USER_LOG (LOG_IDX,USER_ID,LOG_ACTION,LOG_REGDATE) values (137,'ADMIN','L',to_date('18/03/15','RR/MM/DD'));
Insert into CSM.CSM_USER_LOG (LOG_IDX,USER_ID,LOG_ACTION,LOG_REGDATE) values (139,'ADMIN','L',to_date('18/03/15','RR/MM/DD'));
Insert into CSM.CSM_USER_LOG (LOG_IDX,USER_ID,LOG_ACTION,LOG_REGDATE) values (149,'ADMIN','L',to_date('18/03/15','RR/MM/DD'));
Insert into CSM.CSM_USER_LOG (LOG_IDX,USER_ID,LOG_ACTION,LOG_REGDATE) values (150,'ADMIN','L',to_date('18/03/15','RR/MM/DD'));
Insert into CSM.CSM_USER_LOG (LOG_IDX,USER_ID,LOG_ACTION,LOG_REGDATE) values (151,'asd','L',to_date('18/03/15','RR/MM/DD'));
Insert into CSM.CSM_USER_LOG (LOG_IDX,USER_ID,LOG_ACTION,LOG_REGDATE) values (152,'asd','L',to_date('18/03/15','RR/MM/DD'));
Insert into CSM.CSM_USER_LOG (LOG_IDX,USER_ID,LOG_ACTION,LOG_REGDATE) values (154,'tkddn','L',to_date('18/03/15','RR/MM/DD'));
Insert into CSM.CSM_USER_LOG (LOG_IDX,USER_ID,LOG_ACTION,LOG_REGDATE) values (155,'user','C',to_date('18/03/15','RR/MM/DD'));
Insert into CSM.CSM_USER_LOG (LOG_IDX,USER_ID,LOG_ACTION,LOG_REGDATE) values (156,'user','L',to_date('18/03/15','RR/MM/DD'));
Insert into CSM.CSM_USER_LOG (LOG_IDX,USER_ID,LOG_ACTION,LOG_REGDATE) values (157,'user','SC',to_date('18/03/15','RR/MM/DD'));
Insert into CSM.CSM_USER_LOG (LOG_IDX,USER_ID,LOG_ACTION,LOG_REGDATE) values (2,'ADMIN','C',to_date('18/03/14','RR/MM/DD'));
Insert into CSM.CSM_USER_LOG (LOG_IDX,USER_ID,LOG_ACTION,LOG_REGDATE) values (3,'tkddnAAAA','D',to_date('18/02/14','RR/MM/DD'));
Insert into CSM.CSM_USER_LOG (LOG_IDX,USER_ID,LOG_ACTION,LOG_REGDATE) values (4,'tkddn','L',to_date('18/02/14','RR/MM/DD'));
Insert into CSM.CSM_USER_LOG (LOG_IDX,USER_ID,LOG_ACTION,LOG_REGDATE) values (6,'ADMIN','L',to_date('18/03/14','RR/MM/DD'));
Insert into CSM.CSM_USER_LOG (LOG_IDX,USER_ID,LOG_ACTION,LOG_REGDATE) values (7,'gudrlf789','C',to_date('18/02/14','RR/MM/DD'));
Insert into CSM.CSM_USER_LOG (LOG_IDX,USER_ID,LOG_ACTION,LOG_REGDATE) values (11,'jubh0802','C',to_date('18/03/14','RR/MM/DD'));
Insert into CSM.CSM_USER_LOG (LOG_IDX,USER_ID,LOG_ACTION,LOG_REGDATE) values (12,'gudrlf789','L',to_date('18/03/14','RR/MM/DD'));
Insert into CSM.CSM_USER_LOG (LOG_IDX,USER_ID,LOG_ACTION,LOG_REGDATE) values (13,'jubh0802','L',to_date('18/03/14','RR/MM/DD'));
Insert into CSM.CSM_USER_LOG (LOG_IDX,USER_ID,LOG_ACTION,LOG_REGDATE) values (14,'jubh0802','L',to_date('18/03/14','RR/MM/DD'));
Insert into CSM.CSM_USER_LOG (LOG_IDX,USER_ID,LOG_ACTION,LOG_REGDATE) values (15,'jubh0802','SC',to_date('18/03/14','RR/MM/DD'));
Insert into CSM.CSM_USER_LOG (LOG_IDX,USER_ID,LOG_ACTION,LOG_REGDATE) values (16,'jubh0802','L',to_date('18/03/14','RR/MM/DD'));
Insert into CSM.CSM_USER_LOG (LOG_IDX,USER_ID,LOG_ACTION,LOG_REGDATE) values (19,'jubh0802','L',to_date('18/03/14','RR/MM/DD'));
Insert into CSM.CSM_USER_LOG (LOG_IDX,USER_ID,LOG_ACTION,LOG_REGDATE) values (20,'gudrlf789','L',to_date('18/03/14','RR/MM/DD'));
Insert into CSM.CSM_USER_LOG (LOG_IDX,USER_ID,LOG_ACTION,LOG_REGDATE) values (21,'ADMIN','L',to_date('18/03/14','RR/MM/DD'));
Insert into CSM.CSM_USER_LOG (LOG_IDX,USER_ID,LOG_ACTION,LOG_REGDATE) values (22,'tkddn','L',to_date('18/03/14','RR/MM/DD'));
Insert into CSM.CSM_USER_LOG (LOG_IDX,USER_ID,LOG_ACTION,LOG_REGDATE) values (26,'ADMIN','L',to_date('18/03/14','RR/MM/DD'));
Insert into CSM.CSM_USER_LOG (LOG_IDX,USER_ID,LOG_ACTION,LOG_REGDATE) values (27,'ADMIN','L',to_date('18/03/14','RR/MM/DD'));
Insert into CSM.CSM_USER_LOG (LOG_IDX,USER_ID,LOG_ACTION,LOG_REGDATE) values (28,'ADMIN','L',to_date('18/03/14','RR/MM/DD'));
Insert into CSM.CSM_USER_LOG (LOG_IDX,USER_ID,LOG_ACTION,LOG_REGDATE) values (35,'gudrlf789','L',to_date('18/03/14','RR/MM/DD'));
Insert into CSM.CSM_USER_LOG (LOG_IDX,USER_ID,LOG_ACTION,LOG_REGDATE) values (38,'gudrlf789','L',to_date('18/03/14','RR/MM/DD'));
Insert into CSM.CSM_USER_LOG (LOG_IDX,USER_ID,LOG_ACTION,LOG_REGDATE) values (39,'ADMIN','L',to_date('18/03/14','RR/MM/DD'));
Insert into CSM.CSM_USER_LOG (LOG_IDX,USER_ID,LOG_ACTION,LOG_REGDATE) values (44,'jubh0802','L',to_date('18/03/14','RR/MM/DD'));
Insert into CSM.CSM_USER_LOG (LOG_IDX,USER_ID,LOG_ACTION,LOG_REGDATE) values (45,'gudrlf789','L',to_date('18/03/14','RR/MM/DD'));
Insert into CSM.CSM_USER_LOG (LOG_IDX,USER_ID,LOG_ACTION,LOG_REGDATE) values (49,'ADMIN','L',to_date('18/03/14','RR/MM/DD'));
Insert into CSM.CSM_USER_LOG (LOG_IDX,USER_ID,LOG_ACTION,LOG_REGDATE) values (50,'ADMIN','L',to_date('18/03/14','RR/MM/DD'));
Insert into CSM.CSM_USER_LOG (LOG_IDX,USER_ID,LOG_ACTION,LOG_REGDATE) values (51,'ADMIN','L',to_date('18/03/14','RR/MM/DD'));
Insert into CSM.CSM_USER_LOG (LOG_IDX,USER_ID,LOG_ACTION,LOG_REGDATE) values (52,'ADMIN','L',to_date('18/03/14','RR/MM/DD'));
Insert into CSM.CSM_USER_LOG (LOG_IDX,USER_ID,LOG_ACTION,LOG_REGDATE) values (54,'ADMIN','L',to_date('18/03/14','RR/MM/DD'));
Insert into CSM.CSM_USER_LOG (LOG_IDX,USER_ID,LOG_ACTION,LOG_REGDATE) values (55,'ADMIN','L',to_date('18/03/14','RR/MM/DD'));
Insert into CSM.CSM_USER_LOG (LOG_IDX,USER_ID,LOG_ACTION,LOG_REGDATE) values (58,'ADMIN','L',to_date('18/03/14','RR/MM/DD'));
Insert into CSM.CSM_USER_LOG (LOG_IDX,USER_ID,LOG_ACTION,LOG_REGDATE) values (61,'gudrlf789','L',to_date('18/03/14','RR/MM/DD'));
Insert into CSM.CSM_USER_LOG (LOG_IDX,USER_ID,LOG_ACTION,LOG_REGDATE) values (62,'gudrlf789','L',to_date('18/03/14','RR/MM/DD'));
Insert into CSM.CSM_USER_LOG (LOG_IDX,USER_ID,LOG_ACTION,LOG_REGDATE) values (65,'tkddn','L',to_date('18/03/14','RR/MM/DD'));
Insert into CSM.CSM_USER_LOG (LOG_IDX,USER_ID,LOG_ACTION,LOG_REGDATE) values (66,'tkddn','L',to_date('18/03/14','RR/MM/DD'));
Insert into CSM.CSM_USER_LOG (LOG_IDX,USER_ID,LOG_ACTION,LOG_REGDATE) values (67,'gudrlf789','L',to_date('18/03/14','RR/MM/DD'));
Insert into CSM.CSM_USER_LOG (LOG_IDX,USER_ID,LOG_ACTION,LOG_REGDATE) values (68,'tkddn','L',to_date('18/03/14','RR/MM/DD'));
Insert into CSM.CSM_USER_LOG (LOG_IDX,USER_ID,LOG_ACTION,LOG_REGDATE) values (71,'tkddn','L',to_date('18/03/14','RR/MM/DD'));
Insert into CSM.CSM_USER_LOG (LOG_IDX,USER_ID,LOG_ACTION,LOG_REGDATE) values (72,'tkddn','L',to_date('18/03/14','RR/MM/DD'));
Insert into CSM.CSM_USER_LOG (LOG_IDX,USER_ID,LOG_ACTION,LOG_REGDATE) values (74,'tkddn','L',to_date('18/03/14','RR/MM/DD'));
Insert into CSM.CSM_USER_LOG (LOG_IDX,USER_ID,LOG_ACTION,LOG_REGDATE) values (75,'tkddn','L',to_date('18/03/14','RR/MM/DD'));
Insert into CSM.CSM_USER_LOG (LOG_IDX,USER_ID,LOG_ACTION,LOG_REGDATE) values (76,'tkddn','L',to_date('18/03/14','RR/MM/DD'));
Insert into CSM.CSM_USER_LOG (LOG_IDX,USER_ID,LOG_ACTION,LOG_REGDATE) values (78,'tkddn','L',to_date('18/03/14','RR/MM/DD'));
Insert into CSM.CSM_USER_LOG (LOG_IDX,USER_ID,LOG_ACTION,LOG_REGDATE) values (82,'gudrlf789','L',to_date('18/03/14','RR/MM/DD'));
Insert into CSM.CSM_USER_LOG (LOG_IDX,USER_ID,LOG_ACTION,LOG_REGDATE) values (92,'tkddn','L',to_date('18/03/15','RR/MM/DD'));
Insert into CSM.CSM_USER_LOG (LOG_IDX,USER_ID,LOG_ACTION,LOG_REGDATE) values (96,'tkddn','L',to_date('18/03/15','RR/MM/DD'));
Insert into CSM.CSM_USER_LOG (LOG_IDX,USER_ID,LOG_ACTION,LOG_REGDATE) values (97,'gudrlf789','L',to_date('18/03/15','RR/MM/DD'));
Insert into CSM.CSM_USER_LOG (LOG_IDX,USER_ID,LOG_ACTION,LOG_REGDATE) values (99,'ADMIN','L',to_date('18/03/15','RR/MM/DD'));
Insert into CSM.CSM_USER_LOG (LOG_IDX,USER_ID,LOG_ACTION,LOG_REGDATE) values (100,'asd','C',to_date('18/03/15','RR/MM/DD'));
Insert into CSM.CSM_USER_LOG (LOG_IDX,USER_ID,LOG_ACTION,LOG_REGDATE) values (101,'asd','L',to_date('18/03/15','RR/MM/DD'));
Insert into CSM.CSM_USER_LOG (LOG_IDX,USER_ID,LOG_ACTION,LOG_REGDATE) values (104,'park','L',to_date('18/03/15','RR/MM/DD'));
Insert into CSM.CSM_USER_LOG (LOG_IDX,USER_ID,LOG_ACTION,LOG_REGDATE) values (105,'gudrlf','C',to_date('18/03/15','RR/MM/DD'));
Insert into CSM.CSM_USER_LOG (LOG_IDX,USER_ID,LOG_ACTION,LOG_REGDATE) values (108,'park','L',to_date('18/03/15','RR/MM/DD'));
Insert into CSM.CSM_USER_LOG (LOG_IDX,USER_ID,LOG_ACTION,LOG_REGDATE) values (110,'gudrlf','L',to_date('18/03/15','RR/MM/DD'));
Insert into CSM.CSM_USER_LOG (LOG_IDX,USER_ID,LOG_ACTION,LOG_REGDATE) values (111,'gudrlf789','L',to_date('18/03/15','RR/MM/DD'));
Insert into CSM.CSM_USER_LOG (LOG_IDX,USER_ID,LOG_ACTION,LOG_REGDATE) values (112,'tkddn','L',to_date('18/03/15','RR/MM/DD'));
Insert into CSM.CSM_USER_LOG (LOG_IDX,USER_ID,LOG_ACTION,LOG_REGDATE) values (117,'asd','SC',to_date('18/03/15','RR/MM/DD'));
Insert into CSM.CSM_USER_LOG (LOG_IDX,USER_ID,LOG_ACTION,LOG_REGDATE) values (118,'gudrlf789','L',to_date('18/03/15','RR/MM/DD'));
Insert into CSM.CSM_USER_LOG (LOG_IDX,USER_ID,LOG_ACTION,LOG_REGDATE) values (122,'ADMIN','L',to_date('18/03/15','RR/MM/DD'));
Insert into CSM.CSM_USER_LOG (LOG_IDX,USER_ID,LOG_ACTION,LOG_REGDATE) values (123,'ADMIN','L',to_date('18/03/15','RR/MM/DD'));
Insert into CSM.CSM_USER_LOG (LOG_IDX,USER_ID,LOG_ACTION,LOG_REGDATE) values (129,'park','L',to_date('18/03/15','RR/MM/DD'));
Insert into CSM.CSM_USER_LOG (LOG_IDX,USER_ID,LOG_ACTION,LOG_REGDATE) values (130,'park','L',to_date('18/03/15','RR/MM/DD'));
Insert into CSM.CSM_USER_LOG (LOG_IDX,USER_ID,LOG_ACTION,LOG_REGDATE) values (131,'gudrlf789','L',to_date('18/03/15','RR/MM/DD'));
Insert into CSM.CSM_USER_LOG (LOG_IDX,USER_ID,LOG_ACTION,LOG_REGDATE) values (85,'jubh0802','L',to_date('18/03/15','RR/MM/DD'));
Insert into CSM.CSM_USER_LOG (LOG_IDX,USER_ID,LOG_ACTION,LOG_REGDATE) values (86,'gudrlf789','L',to_date('18/03/15','RR/MM/DD'));
Insert into CSM.CSM_USER_LOG (LOG_IDX,USER_ID,LOG_ACTION,LOG_REGDATE) values (87,'gudrlf789','L',to_date('18/03/15','RR/MM/DD'));
Insert into CSM.CSM_USER_LOG (LOG_IDX,USER_ID,LOG_ACTION,LOG_REGDATE) values (88,'tkddn','L',to_date('18/03/15','RR/MM/DD'));
Insert into CSM.CSM_USER_LOG (LOG_IDX,USER_ID,LOG_ACTION,LOG_REGDATE) values (127,'ADMIN','L',to_date('18/03/15','RR/MM/DD'));
Insert into CSM.CSM_USER_LOG (LOG_IDX,USER_ID,LOG_ACTION,LOG_REGDATE) values (135,'gudrlf789','L',to_date('18/03/15','RR/MM/DD'));
Insert into CSM.CSM_USER_LOG (LOG_IDX,USER_ID,LOG_ACTION,LOG_REGDATE) values (140,'ADMIN','L',to_date('18/03/15','RR/MM/DD'));
Insert into CSM.CSM_USER_LOG (LOG_IDX,USER_ID,LOG_ACTION,LOG_REGDATE) values (141,'ADMIN','L',to_date('18/03/15','RR/MM/DD'));
Insert into CSM.CSM_USER_LOG (LOG_IDX,USER_ID,LOG_ACTION,LOG_REGDATE) values (142,'ADMIN','L',to_date('18/03/15','RR/MM/DD'));
Insert into CSM.CSM_USER_LOG (LOG_IDX,USER_ID,LOG_ACTION,LOG_REGDATE) values (143,'ADMIN','L',to_date('18/03/15','RR/MM/DD'));
Insert into CSM.CSM_USER_LOG (LOG_IDX,USER_ID,LOG_ACTION,LOG_REGDATE) values (144,'ADMIN','L',to_date('18/03/15','RR/MM/DD'));
Insert into CSM.CSM_USER_LOG (LOG_IDX,USER_ID,LOG_ACTION,LOG_REGDATE) values (145,'ADMIN','L',to_date('18/03/15','RR/MM/DD'));
Insert into CSM.CSM_USER_LOG (LOG_IDX,USER_ID,LOG_ACTION,LOG_REGDATE) values (146,'ADMIN','L',to_date('18/03/15','RR/MM/DD'));
Insert into CSM.CSM_USER_LOG (LOG_IDX,USER_ID,LOG_ACTION,LOG_REGDATE) values (147,'ADMIN','L',to_date('18/03/15','RR/MM/DD'));
Insert into CSM.CSM_USER_LOG (LOG_IDX,USER_ID,LOG_ACTION,LOG_REGDATE) values (148,'ADMIN','L',to_date('18/03/15','RR/MM/DD'));
Insert into CSM.CSM_USER_LOG (LOG_IDX,USER_ID,LOG_ACTION,LOG_REGDATE) values (158,'ADMIN','L',to_date('18/03/15','RR/MM/DD'));
Insert into CSM.CSM_USER_LOG (LOG_IDX,USER_ID,LOG_ACTION,LOG_REGDATE) values (5,'tkddn','L',to_date('18/03/14','RR/MM/DD'));
Insert into CSM.CSM_USER_LOG (LOG_IDX,USER_ID,LOG_ACTION,LOG_REGDATE) values (8,'gudrlf789','L',to_date('18/03/14','RR/MM/DD'));
Insert into CSM.CSM_USER_LOG (LOG_IDX,USER_ID,LOG_ACTION,LOG_REGDATE) values (9,'gudrlf789','L',to_date('18/03/14','RR/MM/DD'));
Insert into CSM.CSM_USER_LOG (LOG_IDX,USER_ID,LOG_ACTION,LOG_REGDATE) values (10,'wnqudgus1234','C',to_date('18/03/14','RR/MM/DD'));
Insert into CSM.CSM_USER_LOG (LOG_IDX,USER_ID,LOG_ACTION,LOG_REGDATE) values (17,'tkddn','L',to_date('18/03/14','RR/MM/DD'));
Insert into CSM.CSM_USER_LOG (LOG_IDX,USER_ID,LOG_ACTION,LOG_REGDATE) values (18,'tkddn','L',to_date('18/03/14','RR/MM/DD'));
Insert into CSM.CSM_USER_LOG (LOG_IDX,USER_ID,LOG_ACTION,LOG_REGDATE) values (23,'tkddn','L',to_date('18/03/14','RR/MM/DD'));
Insert into CSM.CSM_USER_LOG (LOG_IDX,USER_ID,LOG_ACTION,LOG_REGDATE) values (24,'gudrlf789','L',to_date('18/03/14','RR/MM/DD'));
Insert into CSM.CSM_USER_LOG (LOG_IDX,USER_ID,LOG_ACTION,LOG_REGDATE) values (25,'jubh0802','L',to_date('18/03/14','RR/MM/DD'));
Insert into CSM.CSM_USER_LOG (LOG_IDX,USER_ID,LOG_ACTION,LOG_REGDATE) values (29,'ADMIN','L',to_date('18/03/14','RR/MM/DD'));
Insert into CSM.CSM_USER_LOG (LOG_IDX,USER_ID,LOG_ACTION,LOG_REGDATE) values (30,'ADMIN','L',to_date('18/03/14','RR/MM/DD'));
Insert into CSM.CSM_USER_LOG (LOG_IDX,USER_ID,LOG_ACTION,LOG_REGDATE) values (31,'ADMIN','L',to_date('18/03/14','RR/MM/DD'));
Insert into CSM.CSM_USER_LOG (LOG_IDX,USER_ID,LOG_ACTION,LOG_REGDATE) values (32,'ADMIN','L',to_date('18/03/14','RR/MM/DD'));
Insert into CSM.CSM_USER_LOG (LOG_IDX,USER_ID,LOG_ACTION,LOG_REGDATE) values (33,'gudrlf789','L',to_date('18/03/14','RR/MM/DD'));
Insert into CSM.CSM_USER_LOG (LOG_IDX,USER_ID,LOG_ACTION,LOG_REGDATE) values (34,'ADMIN','L',to_date('18/03/14','RR/MM/DD'));
Insert into CSM.CSM_USER_LOG (LOG_IDX,USER_ID,LOG_ACTION,LOG_REGDATE) values (36,'ADMIN','L',to_date('18/03/14','RR/MM/DD'));
Insert into CSM.CSM_USER_LOG (LOG_IDX,USER_ID,LOG_ACTION,LOG_REGDATE) values (37,'tkddn','L',to_date('18/03/14','RR/MM/DD'));
Insert into CSM.CSM_USER_LOG (LOG_IDX,USER_ID,LOG_ACTION,LOG_REGDATE) values (40,'ADMIN','L',to_date('18/03/14','RR/MM/DD'));
Insert into CSM.CSM_USER_LOG (LOG_IDX,USER_ID,LOG_ACTION,LOG_REGDATE) values (41,'gudrlf789','L',to_date('18/03/14','RR/MM/DD'));
Insert into CSM.CSM_USER_LOG (LOG_IDX,USER_ID,LOG_ACTION,LOG_REGDATE) values (42,'jubh0802','L',to_date('18/03/14','RR/MM/DD'));
Insert into CSM.CSM_USER_LOG (LOG_IDX,USER_ID,LOG_ACTION,LOG_REGDATE) values (43,'tkddn','L',to_date('18/03/14','RR/MM/DD'));
Insert into CSM.CSM_USER_LOG (LOG_IDX,USER_ID,LOG_ACTION,LOG_REGDATE) values (46,'ADMIN','L',to_date('18/03/14','RR/MM/DD'));
Insert into CSM.CSM_USER_LOG (LOG_IDX,USER_ID,LOG_ACTION,LOG_REGDATE) values (47,'ADMIN','L',to_date('18/03/14','RR/MM/DD'));
Insert into CSM.CSM_USER_LOG (LOG_IDX,USER_ID,LOG_ACTION,LOG_REGDATE) values (48,'ADMIN','L',to_date('18/03/14','RR/MM/DD'));
Insert into CSM.CSM_USER_LOG (LOG_IDX,USER_ID,LOG_ACTION,LOG_REGDATE) values (53,'ADMIN','L',to_date('18/03/14','RR/MM/DD'));
Insert into CSM.CSM_USER_LOG (LOG_IDX,USER_ID,LOG_ACTION,LOG_REGDATE) values (56,'ADMIN','L',to_date('18/03/14','RR/MM/DD'));
Insert into CSM.CSM_USER_LOG (LOG_IDX,USER_ID,LOG_ACTION,LOG_REGDATE) values (57,'ADMIN','L',to_date('18/03/14','RR/MM/DD'));
Insert into CSM.CSM_USER_LOG (LOG_IDX,USER_ID,LOG_ACTION,LOG_REGDATE) values (59,'ADMIN','L',to_date('18/03/14','RR/MM/DD'));
Insert into CSM.CSM_USER_LOG (LOG_IDX,USER_ID,LOG_ACTION,LOG_REGDATE) values (60,'ADMIN','L',to_date('18/03/14','RR/MM/DD'));
Insert into CSM.CSM_USER_LOG (LOG_IDX,USER_ID,LOG_ACTION,LOG_REGDATE) values (63,'gudrlf789','L',to_date('18/03/14','RR/MM/DD'));
Insert into CSM.CSM_USER_LOG (LOG_IDX,USER_ID,LOG_ACTION,LOG_REGDATE) values (64,'tkddn','L',to_date('18/03/14','RR/MM/DD'));
Insert into CSM.CSM_USER_LOG (LOG_IDX,USER_ID,LOG_ACTION,LOG_REGDATE) values (69,'tkddn','L',to_date('18/03/14','RR/MM/DD'));
Insert into CSM.CSM_USER_LOG (LOG_IDX,USER_ID,LOG_ACTION,LOG_REGDATE) values (70,'tkddn','L',to_date('18/03/14','RR/MM/DD'));
Insert into CSM.CSM_USER_LOG (LOG_IDX,USER_ID,LOG_ACTION,LOG_REGDATE) values (73,'tkddn','L',to_date('18/03/14','RR/MM/DD'));
Insert into CSM.CSM_USER_LOG (LOG_IDX,USER_ID,LOG_ACTION,LOG_REGDATE) values (77,'tkddn','L',to_date('18/03/14','RR/MM/DD'));
Insert into CSM.CSM_USER_LOG (LOG_IDX,USER_ID,LOG_ACTION,LOG_REGDATE) values (84,'tkddn','L',to_date('18/03/15','RR/MM/DD'));
Insert into CSM.CSM_USER_LOG (LOG_IDX,USER_ID,LOG_ACTION,LOG_REGDATE) values (89,'gudrlf789','L',to_date('18/03/15','RR/MM/DD'));
Insert into CSM.CSM_USER_LOG (LOG_IDX,USER_ID,LOG_ACTION,LOG_REGDATE) values (90,'tkddn','L',to_date('18/03/15','RR/MM/DD'));
Insert into CSM.CSM_USER_LOG (LOG_IDX,USER_ID,LOG_ACTION,LOG_REGDATE) values (91,'ADMIN','L',to_date('18/03/15','RR/MM/DD'));
Insert into CSM.CSM_USER_LOG (LOG_IDX,USER_ID,LOG_ACTION,LOG_REGDATE) values (93,'gudrlf789','L',to_date('18/03/15','RR/MM/DD'));
Insert into CSM.CSM_USER_LOG (LOG_IDX,USER_ID,LOG_ACTION,LOG_REGDATE) values (94,'tkddn','L',to_date('18/03/15','RR/MM/DD'));
Insert into CSM.CSM_USER_LOG (LOG_IDX,USER_ID,LOG_ACTION,LOG_REGDATE) values (95,'gudrlf789','L',to_date('18/03/15','RR/MM/DD'));
Insert into CSM.CSM_USER_LOG (LOG_IDX,USER_ID,LOG_ACTION,LOG_REGDATE) values (98,'tkddn','L',to_date('18/03/15','RR/MM/DD'));
Insert into CSM.CSM_USER_LOG (LOG_IDX,USER_ID,LOG_ACTION,LOG_REGDATE) values (102,'park','C',to_date('18/03/15','RR/MM/DD'));
Insert into CSM.CSM_USER_LOG (LOG_IDX,USER_ID,LOG_ACTION,LOG_REGDATE) values (103,'park','L',to_date('18/03/15','RR/MM/DD'));
Insert into CSM.CSM_USER_LOG (LOG_IDX,USER_ID,LOG_ACTION,LOG_REGDATE) values (106,'gudrlf','L',to_date('18/03/15','RR/MM/DD'));
Insert into CSM.CSM_USER_LOG (LOG_IDX,USER_ID,LOG_ACTION,LOG_REGDATE) values (107,'asd','L',to_date('18/03/15','RR/MM/DD'));
Insert into CSM.CSM_USER_LOG (LOG_IDX,USER_ID,LOG_ACTION,LOG_REGDATE) values (109,'gudrlf','L',to_date('18/03/15','RR/MM/DD'));
Insert into CSM.CSM_USER_LOG (LOG_IDX,USER_ID,LOG_ACTION,LOG_REGDATE) values (113,'tkddn','L',to_date('18/03/15','RR/MM/DD'));
Insert into CSM.CSM_USER_LOG (LOG_IDX,USER_ID,LOG_ACTION,LOG_REGDATE) values (114,'tkddn','L',to_date('18/03/15','RR/MM/DD'));
Insert into CSM.CSM_USER_LOG (LOG_IDX,USER_ID,LOG_ACTION,LOG_REGDATE) values (115,'asd','L',to_date('18/03/15','RR/MM/DD'));
Insert into CSM.CSM_USER_LOG (LOG_IDX,USER_ID,LOG_ACTION,LOG_REGDATE) values (116,'asd','L',to_date('18/03/15','RR/MM/DD'));
Insert into CSM.CSM_USER_LOG (LOG_IDX,USER_ID,LOG_ACTION,LOG_REGDATE) values (119,'tkddn','L',to_date('18/03/15','RR/MM/DD'));
Insert into CSM.CSM_USER_LOG (LOG_IDX,USER_ID,LOG_ACTION,LOG_REGDATE) values (120,'tkddn','L',to_date('18/03/15','RR/MM/DD'));
Insert into CSM.CSM_USER_LOG (LOG_IDX,USER_ID,LOG_ACTION,LOG_REGDATE) values (121,'gudrlf789','L',to_date('18/03/15','RR/MM/DD'));
Insert into CSM.CSM_USER_LOG (LOG_IDX,USER_ID,LOG_ACTION,LOG_REGDATE) values (124,'tkddn','L',to_date('18/03/15','RR/MM/DD'));
Insert into CSM.CSM_USER_LOG (LOG_IDX,USER_ID,LOG_ACTION,LOG_REGDATE) values (125,'ADMIN','L',to_date('18/03/15','RR/MM/DD'));
Insert into CSM.CSM_USER_LOG (LOG_IDX,USER_ID,LOG_ACTION,LOG_REGDATE) values (126,'park','L',to_date('18/03/15','RR/MM/DD'));
Insert into CSM.CSM_USER_LOG (LOG_IDX,USER_ID,LOG_ACTION,LOG_REGDATE) values (128,'gudrlf789','L',to_date('18/03/15','RR/MM/DD'));
Insert into CSM.CSM_USER_LOG (LOG_IDX,USER_ID,LOG_ACTION,LOG_REGDATE) values (132,'park','L',to_date('18/03/15','RR/MM/DD'));
REM INSERTING into CSM.CSM_USER_SAVEADDR
SET DEFINE OFF;
Insert into CSM.CSM_USER_SAVEADDR (SAVEADDR_NAME,USER_ID,USER_NAME,USER_PHONE,USER_MAILNUMBER,USER_STREETADDR,USER_DETAILEDADDR,SAVEADDR_STEP) values ('기본배송지','user','김','0100','08500','서울 금천구 가마산로 70','ㅁㅁ',0);
Insert into CSM.CSM_USER_SAVEADDR (SAVEADDR_NAME,USER_ID,USER_NAME,USER_PHONE,USER_MAILNUMBER,USER_STREETADDR,USER_DETAILEDADDR,SAVEADDR_STEP) values ('기본배송지','gudrlf789','박형길','01072074571','14268','경기 광명시 광명로 866','1111',0);
Insert into CSM.CSM_USER_SAVEADDR (SAVEADDR_NAME,USER_ID,USER_NAME,USER_PHONE,USER_MAILNUMBER,USER_STREETADDR,USER_DETAILEDADDR,SAVEADDR_STEP) values ('기본배송지','tkddn','한상우','010-8323-9068','07439','서울 영등포구 대림동 957-15','대림테크빌 B동 402호',0);
Insert into CSM.CSM_USER_SAVEADDR (SAVEADDR_NAME,USER_ID,USER_NAME,USER_PHONE,USER_MAILNUMBER,USER_STREETADDR,USER_DETAILEDADDR,SAVEADDR_STEP) values ('기본배송지','ADMIN','운영자','01044254327','08500','서울 금천구 가마산로 74','월드메리디앙 2차',0);
Insert into CSM.CSM_USER_SAVEADDR (SAVEADDR_NAME,USER_ID,USER_NAME,USER_PHONE,USER_MAILNUMBER,USER_STREETADDR,USER_DETAILEDADDR,SAVEADDR_STEP) values ('기본배송지','jubh0802','주병현','01041709993','06000','서울 강남구 강남대로 708','서울역 삼단거리',0);
Insert into CSM.CSM_USER_SAVEADDR (SAVEADDR_NAME,USER_ID,USER_NAME,USER_PHONE,USER_MAILNUMBER,USER_STREETADDR,USER_DETAILEDADDR,SAVEADDR_STEP) values ('기본배송지','park','박형길','01072074571','08500','서울 금천구 가마산로 70','1111111',0);
--------------------------------------------------------
--  DDL for Index SYS_C0014440
--------------------------------------------------------

  CREATE UNIQUE INDEX "CSM"."SYS_C0014440" ON "CSM"."CSM_USER_BASEINFO" ("USER_ID") 
  PCTFREE 10 INITRANS 2 MAXTRANS 255 COMPUTE STATISTICS 
  STORAGE(INITIAL 65536 NEXT 1048576 MINEXTENTS 1 MAXEXTENTS 2147483645
  PCTINCREASE 0 FREELISTS 1 FREELIST GROUPS 1 BUFFER_POOL DEFAULT FLASH_CACHE DEFAULT CELL_FLASH_CACHE DEFAULT)
  TABLESPACE "USERS" ;
--------------------------------------------------------
--  DDL for Index SYS_C0014452
--------------------------------------------------------

  CREATE UNIQUE INDEX "CSM"."SYS_C0014452" ON "CSM"."CSM_USER_LOG" ("LOG_IDX") 
  PCTFREE 10 INITRANS 2 MAXTRANS 255 COMPUTE STATISTICS 
  STORAGE(INITIAL 65536 NEXT 1048576 MINEXTENTS 1 MAXEXTENTS 2147483645
  PCTINCREASE 0 FREELISTS 1 FREELIST GROUPS 1 BUFFER_POOL DEFAULT FLASH_CACHE DEFAULT CELL_FLASH_CACHE DEFAULT)
  TABLESPACE "USERS" ;
--------------------------------------------------------
--  DDL for Index SYS_C0014467
--------------------------------------------------------

  CREATE UNIQUE INDEX "CSM"."SYS_C0014467" ON "CSM"."CSM_MARKET_ITEMINFO" ("ITEM_IDX") 
  PCTFREE 10 INITRANS 2 MAXTRANS 255 COMPUTE STATISTICS 
  STORAGE(INITIAL 65536 NEXT 1048576 MINEXTENTS 1 MAXEXTENTS 2147483645
  PCTINCREASE 0 FREELISTS 1 FREELIST GROUPS 1 BUFFER_POOL DEFAULT FLASH_CACHE DEFAULT CELL_FLASH_CACHE DEFAULT)
  TABLESPACE "USERS" ;
--------------------------------------------------------
--  DDL for Index SYS_C0014478
--------------------------------------------------------

  CREATE UNIQUE INDEX "CSM"."SYS_C0014478" ON "CSM"."CSM_MARKET_ITEMREVIEW" ("REVIEW_IDX") 
  PCTFREE 10 INITRANS 2 MAXTRANS 255 COMPUTE STATISTICS 
  STORAGE(INITIAL 65536 NEXT 1048576 MINEXTENTS 1 MAXEXTENTS 2147483645
  PCTINCREASE 0 FREELISTS 1 FREELIST GROUPS 1 BUFFER_POOL DEFAULT FLASH_CACHE DEFAULT CELL_FLASH_CACHE DEFAULT)
  TABLESPACE "USERS" ;
--------------------------------------------------------
--  DDL for Index SYS_C0014488
--------------------------------------------------------

  CREATE UNIQUE INDEX "CSM"."SYS_C0014488" ON "CSM"."CSM_MARKET_ITEMINQUIRY" ("INQUIRY_IDX") 
  PCTFREE 10 INITRANS 2 MAXTRANS 255 COMPUTE STATISTICS 
  STORAGE(INITIAL 65536 NEXT 1048576 MINEXTENTS 1 MAXEXTENTS 2147483645
  PCTINCREASE 0 FREELISTS 1 FREELIST GROUPS 1 BUFFER_POOL DEFAULT FLASH_CACHE DEFAULT CELL_FLASH_CACHE DEFAULT)
  TABLESPACE "USERS" ;
--------------------------------------------------------
--  DDL for Index SYS_C0014506
--------------------------------------------------------

  CREATE UNIQUE INDEX "CSM"."SYS_C0014506" ON "CSM"."CSM_MARKET_ORDERBASEINFO" ("ORDER_IDX") 
  PCTFREE 10 INITRANS 2 MAXTRANS 255 COMPUTE STATISTICS 
  STORAGE(INITIAL 65536 NEXT 1048576 MINEXTENTS 1 MAXEXTENTS 2147483645
  PCTINCREASE 0 FREELISTS 1 FREELIST GROUPS 1 BUFFER_POOL DEFAULT FLASH_CACHE DEFAULT CELL_FLASH_CACHE DEFAULT)
  TABLESPACE "USERS" ;
--------------------------------------------------------
--  DDL for Index SYS_C0014525
--------------------------------------------------------

  CREATE UNIQUE INDEX "CSM"."SYS_C0014525" ON "CSM"."CSM_MARKET_SELLITEM_LOG" ("LOG_IDX") 
  PCTFREE 10 INITRANS 2 MAXTRANS 255 COMPUTE STATISTICS 
  STORAGE(INITIAL 65536 NEXT 1048576 MINEXTENTS 1 MAXEXTENTS 2147483645
  PCTINCREASE 0 FREELISTS 1 FREELIST GROUPS 1 BUFFER_POOL DEFAULT FLASH_CACHE DEFAULT CELL_FLASH_CACHE DEFAULT)
  TABLESPACE "USERS" ;
--------------------------------------------------------
--  DDL for Index SYS_C0014530
--------------------------------------------------------

  CREATE UNIQUE INDEX "CSM"."SYS_C0014530" ON "CSM"."CSM_PROGRAM" ("IDX") 
  PCTFREE 10 INITRANS 2 MAXTRANS 255 COMPUTE STATISTICS 
  STORAGE(INITIAL 65536 NEXT 1048576 MINEXTENTS 1 MAXEXTENTS 2147483645
  PCTINCREASE 0 FREELISTS 1 FREELIST GROUPS 1 BUFFER_POOL DEFAULT FLASH_CACHE DEFAULT CELL_FLASH_CACHE DEFAULT)
  TABLESPACE "USERS" ;
--------------------------------------------------------
--  DDL for Index SYS_C0014535
--------------------------------------------------------

  CREATE UNIQUE INDEX "CSM"."SYS_C0014535" ON "CSM"."CSM_DESIGN" ("IDX") 
  PCTFREE 10 INITRANS 2 MAXTRANS 255 COMPUTE STATISTICS 
  STORAGE(INITIAL 65536 NEXT 1048576 MINEXTENTS 1 MAXEXTENTS 2147483645
  PCTINCREASE 0 FREELISTS 1 FREELIST GROUPS 1 BUFFER_POOL DEFAULT FLASH_CACHE DEFAULT CELL_FLASH_CACHE DEFAULT)
  TABLESPACE "USERS" ;
--------------------------------------------------------
--  DDL for Index SYS_C0014543
--------------------------------------------------------

  CREATE UNIQUE INDEX "CSM"."SYS_C0014543" ON "CSM"."CSM_REPLY" ("RNO") 
  PCTFREE 10 INITRANS 2 MAXTRANS 255 COMPUTE STATISTICS 
  STORAGE(INITIAL 65536 NEXT 1048576 MINEXTENTS 1 MAXEXTENTS 2147483645
  PCTINCREASE 0 FREELISTS 1 FREELIST GROUPS 1 BUFFER_POOL DEFAULT FLASH_CACHE DEFAULT CELL_FLASH_CACHE DEFAULT)
  TABLESPACE "USERS" ;
--------------------------------------------------------
--  DDL for Index SYS_C0014547
--------------------------------------------------------

  CREATE UNIQUE INDEX "CSM"."SYS_C0014547" ON "CSM"."CSM_QUESTIONBOARD" ("BNO") 
  PCTFREE 10 INITRANS 2 MAXTRANS 255 COMPUTE STATISTICS 
  STORAGE(INITIAL 65536 NEXT 1048576 MINEXTENTS 1 MAXEXTENTS 2147483645
  PCTINCREASE 0 FREELISTS 1 FREELIST GROUPS 1 BUFFER_POOL DEFAULT FLASH_CACHE DEFAULT CELL_FLASH_CACHE DEFAULT)
  TABLESPACE "USERS" ;
--------------------------------------------------------
--  DDL for Index SYS_C0014552
--------------------------------------------------------

  CREATE UNIQUE INDEX "CSM"."SYS_C0014552" ON "CSM"."CSM_MESSAGE" ("MESSAGENUM") 
  PCTFREE 10 INITRANS 2 MAXTRANS 255 COMPUTE STATISTICS 
  STORAGE(INITIAL 65536 NEXT 1048576 MINEXTENTS 1 MAXEXTENTS 2147483645
  PCTINCREASE 0 FREELISTS 1 FREELIST GROUPS 1 BUFFER_POOL DEFAULT FLASH_CACHE DEFAULT CELL_FLASH_CACHE DEFAULT)
  TABLESPACE "USERS" ;
--------------------------------------------------------
--  DDL for Index SYS_C0014557
--------------------------------------------------------

  CREATE UNIQUE INDEX "CSM"."SYS_C0014557" ON "CSM"."CSM_NOTICEINFO_BOARD" ("NOTICE_BNO") 
  PCTFREE 10 INITRANS 2 MAXTRANS 255 COMPUTE STATISTICS 
  STORAGE(INITIAL 65536 NEXT 1048576 MINEXTENTS 1 MAXEXTENTS 2147483645
  PCTINCREASE 0 FREELISTS 1 FREELIST GROUPS 1 BUFFER_POOL DEFAULT FLASH_CACHE DEFAULT CELL_FLASH_CACHE DEFAULT)
  TABLESPACE "USERS" ;
--------------------------------------------------------
--  DDL for Index SYS_C0014562
--------------------------------------------------------

  CREATE UNIQUE INDEX "CSM"."SYS_C0014562" ON "CSM"."CSM_BESTQUESTION_BOARD" ("BESTQ_BNO") 
  PCTFREE 10 INITRANS 2 MAXTRANS 255 COMPUTE STATISTICS 
  STORAGE(INITIAL 65536 NEXT 1048576 MINEXTENTS 1 MAXEXTENTS 2147483645
  PCTINCREASE 0 FREELISTS 1 FREELIST GROUPS 1 BUFFER_POOL DEFAULT FLASH_CACHE DEFAULT CELL_FLASH_CACHE DEFAULT)
  TABLESPACE "USERS" ;
--------------------------------------------------------
--  DDL for Index SYS_C0014567
--------------------------------------------------------

  CREATE UNIQUE INDEX "CSM"."SYS_C0014567" ON "CSM"."CSM_BESTMENU_BOARD" ("BESTM_BNO") 
  PCTFREE 10 INITRANS 2 MAXTRANS 255 COMPUTE STATISTICS 
  STORAGE(INITIAL 65536 NEXT 1048576 MINEXTENTS 1 MAXEXTENTS 2147483645
  PCTINCREASE 0 FREELISTS 1 FREELIST GROUPS 1 BUFFER_POOL DEFAULT FLASH_CACHE DEFAULT CELL_FLASH_CACHE DEFAULT)
  TABLESPACE "USERS" ;
--------------------------------------------------------
--  DDL for Index SYS_C0014572
--------------------------------------------------------

  CREATE UNIQUE INDEX "CSM"."SYS_C0014572" ON "CSM"."CSM_QNA_BOARD" ("QNA_BNO") 
  PCTFREE 10 INITRANS 2 MAXTRANS 255 COMPUTE STATISTICS NOCOMPRESS LOGGING
  TABLESPACE "USERS" ;
--------------------------------------------------------
--  DDL for Index SYS_C0014579
--------------------------------------------------------

  CREATE UNIQUE INDEX "CSM"."SYS_C0014579" ON "CSM"."CSM_CONTACT_BOARD" ("CONTACT_BNO") 
  PCTFREE 10 INITRANS 2 MAXTRANS 255 COMPUTE STATISTICS NOCOMPRESS LOGGING
  TABLESPACE "USERS" ;
--------------------------------------------------------
--  DDL for Index SYS_C0014582
--------------------------------------------------------

  CREATE UNIQUE INDEX "CSM"."SYS_C0014582" ON "CSM"."CSM_FREEBOARD" ("BNO") 
  PCTFREE 10 INITRANS 2 MAXTRANS 255 COMPUTE STATISTICS 
  STORAGE(INITIAL 65536 NEXT 1048576 MINEXTENTS 1 MAXEXTENTS 2147483645
  PCTINCREASE 0 FREELISTS 1 FREELIST GROUPS 1 BUFFER_POOL DEFAULT FLASH_CACHE DEFAULT CELL_FLASH_CACHE DEFAULT)
  TABLESPACE "USERS" ;
--------------------------------------------------------
--  DDL for Trigger CSM_USER_LOG_TRIGGER
--------------------------------------------------------

  CREATE OR REPLACE TRIGGER "CSM"."CSM_USER_LOG_TRIGGER" 
after insert or delete on csm_user_baseinfo
for each row
begin
    if inserting then
        insert into csm_user_log values (csm_user_log_seq.nextval,
                                      :new.user_id,
                                      'C',
                                      sysdate);
    elsif deleting then
        insert into csm_user_log values (csm_user_log_seq.nextval,
                                      :old.user_id,
                                      'D',
                                      sysdate);
    end if;
end;


/
ALTER TRIGGER "CSM"."CSM_USER_LOG_TRIGGER" ENABLE;
--------------------------------------------------------
--  Constraints for Table CSM_BESTMENU_BOARD
--------------------------------------------------------

  ALTER TABLE "CSM"."CSM_BESTMENU_BOARD" MODIFY ("BESTM_BNO" NOT NULL ENABLE);
 
  ALTER TABLE "CSM"."CSM_BESTMENU_BOARD" MODIFY ("BESTM_TITLE" NOT NULL ENABLE);
 
  ALTER TABLE "CSM"."CSM_BESTMENU_BOARD" MODIFY ("BESTM_CONTENT" NOT NULL ENABLE);
 
  ALTER TABLE "CSM"."CSM_BESTMENU_BOARD" MODIFY ("BESTM_WRITER" NOT NULL ENABLE);
 
  ALTER TABLE "CSM"."CSM_BESTMENU_BOARD" ADD PRIMARY KEY ("BESTM_BNO")
  USING INDEX PCTFREE 10 INITRANS 2 MAXTRANS 255 COMPUTE STATISTICS 
  STORAGE(INITIAL 65536 NEXT 1048576 MINEXTENTS 1 MAXEXTENTS 2147483645
  PCTINCREASE 0 FREELISTS 1 FREELIST GROUPS 1 BUFFER_POOL DEFAULT FLASH_CACHE DEFAULT CELL_FLASH_CACHE DEFAULT)
  TABLESPACE "USERS"  ENABLE;
--------------------------------------------------------
--  Constraints for Table CSM_BESTQUESTION_BOARD
--------------------------------------------------------

  ALTER TABLE "CSM"."CSM_BESTQUESTION_BOARD" MODIFY ("BESTQ_BNO" NOT NULL ENABLE);
 
  ALTER TABLE "CSM"."CSM_BESTQUESTION_BOARD" MODIFY ("BESTQ_TITLE" NOT NULL ENABLE);
 
  ALTER TABLE "CSM"."CSM_BESTQUESTION_BOARD" MODIFY ("BESTQ_CONTENT" NOT NULL ENABLE);
 
  ALTER TABLE "CSM"."CSM_BESTQUESTION_BOARD" MODIFY ("BESTQ_WRITER" NOT NULL ENABLE);
 
  ALTER TABLE "CSM"."CSM_BESTQUESTION_BOARD" ADD PRIMARY KEY ("BESTQ_BNO")
  USING INDEX PCTFREE 10 INITRANS 2 MAXTRANS 255 COMPUTE STATISTICS 
  STORAGE(INITIAL 65536 NEXT 1048576 MINEXTENTS 1 MAXEXTENTS 2147483645
  PCTINCREASE 0 FREELISTS 1 FREELIST GROUPS 1 BUFFER_POOL DEFAULT FLASH_CACHE DEFAULT CELL_FLASH_CACHE DEFAULT)
  TABLESPACE "USERS"  ENABLE;
--------------------------------------------------------
--  Constraints for Table CSM_CONTACT_BOARD
--------------------------------------------------------

  ALTER TABLE "CSM"."CSM_CONTACT_BOARD" MODIFY ("CONTACT_BNO" NOT NULL ENABLE);
 
  ALTER TABLE "CSM"."CSM_CONTACT_BOARD" MODIFY ("CONTACT_ID" NOT NULL ENABLE);
 
  ALTER TABLE "CSM"."CSM_CONTACT_BOARD" MODIFY ("CONTACT_WRITER" NOT NULL ENABLE);
 
  ALTER TABLE "CSM"."CSM_CONTACT_BOARD" MODIFY ("CONTACT_QUESTION" NOT NULL ENABLE);
 
  ALTER TABLE "CSM"."CSM_CONTACT_BOARD" MODIFY ("CONTACT_TITLE" NOT NULL ENABLE);
 
  ALTER TABLE "CSM"."CSM_CONTACT_BOARD" MODIFY ("CONTACT_CONTENT" NOT NULL ENABLE);
 
  ALTER TABLE "CSM"."CSM_CONTACT_BOARD" ADD PRIMARY KEY ("CONTACT_BNO")
  USING INDEX PCTFREE 10 INITRANS 2 MAXTRANS 255 COMPUTE STATISTICS NOCOMPRESS LOGGING
  TABLESPACE "USERS"  ENABLE;
--------------------------------------------------------
--  Constraints for Table CSM_DESIGN
--------------------------------------------------------

  ALTER TABLE "CSM"."CSM_DESIGN" MODIFY ("IDX" NOT NULL ENABLE);
 
  ALTER TABLE "CSM"."CSM_DESIGN" MODIFY ("ID" NOT NULL ENABLE);
 
  ALTER TABLE "CSM"."CSM_DESIGN" MODIFY ("TITLE" NOT NULL ENABLE);
 
  ALTER TABLE "CSM"."CSM_DESIGN" MODIFY ("CONTENTS" NOT NULL ENABLE);
 
  ALTER TABLE "CSM"."CSM_DESIGN" ADD PRIMARY KEY ("IDX")
  USING INDEX PCTFREE 10 INITRANS 2 MAXTRANS 255 COMPUTE STATISTICS 
  STORAGE(INITIAL 65536 NEXT 1048576 MINEXTENTS 1 MAXEXTENTS 2147483645
  PCTINCREASE 0 FREELISTS 1 FREELIST GROUPS 1 BUFFER_POOL DEFAULT FLASH_CACHE DEFAULT CELL_FLASH_CACHE DEFAULT)
  TABLESPACE "USERS"  ENABLE;
--------------------------------------------------------
--  Constraints for Table CSM_FREEBOARD
--------------------------------------------------------

  ALTER TABLE "CSM"."CSM_FREEBOARD" MODIFY ("TITLE" NOT NULL ENABLE);
 
  ALTER TABLE "CSM"."CSM_FREEBOARD" MODIFY ("WRITER" NOT NULL ENABLE);
 
  ALTER TABLE "CSM"."CSM_FREEBOARD" ADD PRIMARY KEY ("BNO")
  USING INDEX PCTFREE 10 INITRANS 2 MAXTRANS 255 COMPUTE STATISTICS 
  STORAGE(INITIAL 65536 NEXT 1048576 MINEXTENTS 1 MAXEXTENTS 2147483645
  PCTINCREASE 0 FREELISTS 1 FREELIST GROUPS 1 BUFFER_POOL DEFAULT FLASH_CACHE DEFAULT CELL_FLASH_CACHE DEFAULT)
  TABLESPACE "USERS"  ENABLE;
--------------------------------------------------------
--  Constraints for Table CSM_MARKET_CART
--------------------------------------------------------

  ALTER TABLE "CSM"."CSM_MARKET_CART" MODIFY ("ITEM_IDX" NOT NULL ENABLE);
 
  ALTER TABLE "CSM"."CSM_MARKET_CART" MODIFY ("ITEM_TITLE" NOT NULL ENABLE);
 
  ALTER TABLE "CSM"."CSM_MARKET_CART" MODIFY ("ITEM_NAME" NOT NULL ENABLE);
 
  ALTER TABLE "CSM"."CSM_MARKET_CART" MODIFY ("ITEM_PRICE" NOT NULL ENABLE);
 
  ALTER TABLE "CSM"."CSM_MARKET_CART" MODIFY ("ITEM_AMOUNT" NOT NULL ENABLE);
 
  ALTER TABLE "CSM"."CSM_MARKET_CART" MODIFY ("ITEM_REGDATE" NOT NULL ENABLE);
 
  ALTER TABLE "CSM"."CSM_MARKET_CART" MODIFY ("ITEM_SELLERID" NOT NULL ENABLE);
 
  ALTER TABLE "CSM"."CSM_MARKET_CART" MODIFY ("ITEM_SELLERNAME" NOT NULL ENABLE);
 
  ALTER TABLE "CSM"."CSM_MARKET_CART" MODIFY ("USER_ID" NOT NULL ENABLE);
--------------------------------------------------------
--  Constraints for Table CSM_MARKET_ITEMINFO
--------------------------------------------------------

  ALTER TABLE "CSM"."CSM_MARKET_ITEMINFO" MODIFY ("ITEM_TITLE" NOT NULL ENABLE);
 
  ALTER TABLE "CSM"."CSM_MARKET_ITEMINFO" MODIFY ("ITEM_NAME" NOT NULL ENABLE);
 
  ALTER TABLE "CSM"."CSM_MARKET_ITEMINFO" MODIFY ("ITEM_PRICE" NOT NULL ENABLE);
 
  ALTER TABLE "CSM"."CSM_MARKET_ITEMINFO" MODIFY ("ITEM_AMOUNT" NOT NULL ENABLE);
 
  ALTER TABLE "CSM"."CSM_MARKET_ITEMINFO" MODIFY ("ITEM_REGDATE" NOT NULL ENABLE);
 
  ALTER TABLE "CSM"."CSM_MARKET_ITEMINFO" MODIFY ("ITEM_CONTENTS" NOT NULL ENABLE);
 
  ALTER TABLE "CSM"."CSM_MARKET_ITEMINFO" MODIFY ("ITEM_AREA" NOT NULL ENABLE);
 
  ALTER TABLE "CSM"."CSM_MARKET_ITEMINFO" MODIFY ("ITEM_SELLERID" NOT NULL ENABLE);
 
  ALTER TABLE "CSM"."CSM_MARKET_ITEMINFO" MODIFY ("ITEM_SELLERNAME" NOT NULL ENABLE);
 
  ALTER TABLE "CSM"."CSM_MARKET_ITEMINFO" MODIFY ("ITEM_SALETYPE" NOT NULL ENABLE);
 
  ALTER TABLE "CSM"."CSM_MARKET_ITEMINFO" ADD PRIMARY KEY ("ITEM_IDX")
  USING INDEX PCTFREE 10 INITRANS 2 MAXTRANS 255 COMPUTE STATISTICS 
  STORAGE(INITIAL 65536 NEXT 1048576 MINEXTENTS 1 MAXEXTENTS 2147483645
  PCTINCREASE 0 FREELISTS 1 FREELIST GROUPS 1 BUFFER_POOL DEFAULT FLASH_CACHE DEFAULT CELL_FLASH_CACHE DEFAULT)
  TABLESPACE "USERS"  ENABLE;
--------------------------------------------------------
--  Constraints for Table CSM_MARKET_ITEMINQUIRY
--------------------------------------------------------

  ALTER TABLE "CSM"."CSM_MARKET_ITEMINQUIRY" MODIFY ("ITEM_IDX" NOT NULL ENABLE);
 
  ALTER TABLE "CSM"."CSM_MARKET_ITEMINQUIRY" MODIFY ("INQUIRY_TITLE" NOT NULL ENABLE);
 
  ALTER TABLE "CSM"."CSM_MARKET_ITEMINQUIRY" MODIFY ("INQUIRY_CONTENTS" NOT NULL ENABLE);
 
  ALTER TABLE "CSM"."CSM_MARKET_ITEMINQUIRY" MODIFY ("INQUIRY_REGDATE" NOT NULL ENABLE);
 
  ALTER TABLE "CSM"."CSM_MARKET_ITEMINQUIRY" MODIFY ("INQUIRY_SECRET" NOT NULL ENABLE);
 
  ALTER TABLE "CSM"."CSM_MARKET_ITEMINQUIRY" MODIFY ("INQUIRY_STATE" NOT NULL ENABLE);
 
  ALTER TABLE "CSM"."CSM_MARKET_ITEMINQUIRY" MODIFY ("INQUIRY_TYPE" NOT NULL ENABLE);
 
  ALTER TABLE "CSM"."CSM_MARKET_ITEMINQUIRY" MODIFY ("USER_ID" NOT NULL ENABLE);
 
  ALTER TABLE "CSM"."CSM_MARKET_ITEMINQUIRY" ADD PRIMARY KEY ("INQUIRY_IDX")
  USING INDEX PCTFREE 10 INITRANS 2 MAXTRANS 255 COMPUTE STATISTICS 
  STORAGE(INITIAL 65536 NEXT 1048576 MINEXTENTS 1 MAXEXTENTS 2147483645
  PCTINCREASE 0 FREELISTS 1 FREELIST GROUPS 1 BUFFER_POOL DEFAULT FLASH_CACHE DEFAULT CELL_FLASH_CACHE DEFAULT)
  TABLESPACE "USERS"  ENABLE;
--------------------------------------------------------
--  Constraints for Table CSM_MARKET_ITEMREVIEW
--------------------------------------------------------

  ALTER TABLE "CSM"."CSM_MARKET_ITEMREVIEW" MODIFY ("ITEM_IDX" NOT NULL ENABLE);
 
  ALTER TABLE "CSM"."CSM_MARKET_ITEMREVIEW" MODIFY ("REVIEW_TITLE" NOT NULL ENABLE);
 
  ALTER TABLE "CSM"."CSM_MARKET_ITEMREVIEW" MODIFY ("REVIEW_CONTENTS" NOT NULL ENABLE);
 
  ALTER TABLE "CSM"."CSM_MARKET_ITEMREVIEW" MODIFY ("REVIEW_REGDATE" NOT NULL ENABLE);
 
  ALTER TABLE "CSM"."CSM_MARKET_ITEMREVIEW" MODIFY ("REVIEW_SCORE" NOT NULL ENABLE);
 
  ALTER TABLE "CSM"."CSM_MARKET_ITEMREVIEW" MODIFY ("USER_ID" NOT NULL ENABLE);
 
  ALTER TABLE "CSM"."CSM_MARKET_ITEMREVIEW" ADD PRIMARY KEY ("REVIEW_IDX")
  USING INDEX PCTFREE 10 INITRANS 2 MAXTRANS 255 COMPUTE STATISTICS 
  STORAGE(INITIAL 65536 NEXT 1048576 MINEXTENTS 1 MAXEXTENTS 2147483645
  PCTINCREASE 0 FREELISTS 1 FREELIST GROUPS 1 BUFFER_POOL DEFAULT FLASH_CACHE DEFAULT CELL_FLASH_CACHE DEFAULT)
  TABLESPACE "USERS"  ENABLE;
--------------------------------------------------------
--  Constraints for Table CSM_MARKET_ORDERBASEINFO
--------------------------------------------------------

  ALTER TABLE "CSM"."CSM_MARKET_ORDERBASEINFO" MODIFY ("ORDER_REGDATE" NOT NULL ENABLE);
 
  ALTER TABLE "CSM"."CSM_MARKET_ORDERBASEINFO" MODIFY ("ITEM_NAMES" NOT NULL ENABLE);
 
  ALTER TABLE "CSM"."CSM_MARKET_ORDERBASEINFO" MODIFY ("ITEM_TOTALPRICE" NOT NULL ENABLE);
 
  ALTER TABLE "CSM"."CSM_MARKET_ORDERBASEINFO" MODIFY ("ORDER_PROGRESS" NOT NULL ENABLE);
 
  ALTER TABLE "CSM"."CSM_MARKET_ORDERBASEINFO" MODIFY ("USER_ID" NOT NULL ENABLE);
 
  ALTER TABLE "CSM"."CSM_MARKET_ORDERBASEINFO" MODIFY ("SAVEADDR_NAME" NOT NULL ENABLE);
 
  ALTER TABLE "CSM"."CSM_MARKET_ORDERBASEINFO" ADD PRIMARY KEY ("ORDER_IDX")
  USING INDEX PCTFREE 10 INITRANS 2 MAXTRANS 255 COMPUTE STATISTICS 
  STORAGE(INITIAL 65536 NEXT 1048576 MINEXTENTS 1 MAXEXTENTS 2147483645
  PCTINCREASE 0 FREELISTS 1 FREELIST GROUPS 1 BUFFER_POOL DEFAULT FLASH_CACHE DEFAULT CELL_FLASH_CACHE DEFAULT)
  TABLESPACE "USERS"  ENABLE;
--------------------------------------------------------
--  Constraints for Table CSM_MARKET_ORDERITEMINFO
--------------------------------------------------------

  ALTER TABLE "CSM"."CSM_MARKET_ORDERITEMINFO" MODIFY ("ITEM_IDX" NOT NULL ENABLE);
 
  ALTER TABLE "CSM"."CSM_MARKET_ORDERITEMINFO" MODIFY ("ITEM_TITLE" NOT NULL ENABLE);
 
  ALTER TABLE "CSM"."CSM_MARKET_ORDERITEMINFO" MODIFY ("ITEM_NAME" NOT NULL ENABLE);
 
  ALTER TABLE "CSM"."CSM_MARKET_ORDERITEMINFO" MODIFY ("ITEM_PRICE" NOT NULL ENABLE);
 
  ALTER TABLE "CSM"."CSM_MARKET_ORDERITEMINFO" MODIFY ("ITEM_AMOUNT" NOT NULL ENABLE);
 
  ALTER TABLE "CSM"."CSM_MARKET_ORDERITEMINFO" MODIFY ("ITEM_SELLERID" NOT NULL ENABLE);
 
  ALTER TABLE "CSM"."CSM_MARKET_ORDERITEMINFO" MODIFY ("ITEM_SELLERNAME" NOT NULL ENABLE);
 
  ALTER TABLE "CSM"."CSM_MARKET_ORDERITEMINFO" MODIFY ("USER_ID" NOT NULL ENABLE);
 
  ALTER TABLE "CSM"."CSM_MARKET_ORDERITEMINFO" MODIFY ("ORDER_PROGRESS" NOT NULL ENABLE);
--------------------------------------------------------
--  Constraints for Table CSM_MARKET_SELLITEM_LOG
--------------------------------------------------------

  ALTER TABLE "CSM"."CSM_MARKET_SELLITEM_LOG" MODIFY ("ITEM_IDX" NOT NULL ENABLE);
 
  ALTER TABLE "CSM"."CSM_MARKET_SELLITEM_LOG" MODIFY ("ITEM_NAME" NOT NULL ENABLE);
 
  ALTER TABLE "CSM"."CSM_MARKET_SELLITEM_LOG" MODIFY ("ITEM_PRICE" NOT NULL ENABLE);
 
  ALTER TABLE "CSM"."CSM_MARKET_SELLITEM_LOG" MODIFY ("ITEM_AMOUNT" NOT NULL ENABLE);
 
  ALTER TABLE "CSM"."CSM_MARKET_SELLITEM_LOG" MODIFY ("ITEM_SELLERID" NOT NULL ENABLE);
 
  ALTER TABLE "CSM"."CSM_MARKET_SELLITEM_LOG" MODIFY ("LOG_ACTION" NOT NULL ENABLE);
 
  ALTER TABLE "CSM"."CSM_MARKET_SELLITEM_LOG" MODIFY ("LOG_REGDATE" NOT NULL ENABLE);
 
  ALTER TABLE "CSM"."CSM_MARKET_SELLITEM_LOG" MODIFY ("USER_ID" NOT NULL ENABLE);
 
  ALTER TABLE "CSM"."CSM_MARKET_SELLITEM_LOG" ADD PRIMARY KEY ("LOG_IDX")
  USING INDEX PCTFREE 10 INITRANS 2 MAXTRANS 255 COMPUTE STATISTICS 
  STORAGE(INITIAL 65536 NEXT 1048576 MINEXTENTS 1 MAXEXTENTS 2147483645
  PCTINCREASE 0 FREELISTS 1 FREELIST GROUPS 1 BUFFER_POOL DEFAULT FLASH_CACHE DEFAULT CELL_FLASH_CACHE DEFAULT)
  TABLESPACE "USERS"  ENABLE;
--------------------------------------------------------
--  Constraints for Table CSM_MARKET_SUBINFO
--------------------------------------------------------

  ALTER TABLE "CSM"."CSM_MARKET_SUBINFO" MODIFY ("ITEM_IDX" NOT NULL ENABLE);
 
  ALTER TABLE "CSM"."CSM_MARKET_SUBINFO" MODIFY ("ITEM_REGDATE" NOT NULL ENABLE);
 
  ALTER TABLE "CSM"."CSM_MARKET_SUBINFO" MODIFY ("ITEM_PHOTONAME" NOT NULL ENABLE);
--------------------------------------------------------
--  Constraints for Table CSM_MESSAGE
--------------------------------------------------------

  ALTER TABLE "CSM"."CSM_MESSAGE" MODIFY ("TITLE" NOT NULL ENABLE);
 
  ALTER TABLE "CSM"."CSM_MESSAGE" MODIFY ("SENDERID" NOT NULL ENABLE);
 
  ALTER TABLE "CSM"."CSM_MESSAGE" MODIFY ("RECEIVERID" NOT NULL ENABLE);
 
  ALTER TABLE "CSM"."CSM_MESSAGE" MODIFY ("CONTENT" NOT NULL ENABLE);
 
  ALTER TABLE "CSM"."CSM_MESSAGE" ADD PRIMARY KEY ("MESSAGENUM")
  USING INDEX PCTFREE 10 INITRANS 2 MAXTRANS 255 COMPUTE STATISTICS 
  STORAGE(INITIAL 65536 NEXT 1048576 MINEXTENTS 1 MAXEXTENTS 2147483645
  PCTINCREASE 0 FREELISTS 1 FREELIST GROUPS 1 BUFFER_POOL DEFAULT FLASH_CACHE DEFAULT CELL_FLASH_CACHE DEFAULT)
  TABLESPACE "USERS"  ENABLE;
--------------------------------------------------------
--  Constraints for Table CSM_NOTICEINFO_BOARD
--------------------------------------------------------

  ALTER TABLE "CSM"."CSM_NOTICEINFO_BOARD" MODIFY ("NOTICE_BNO" NOT NULL ENABLE);
 
  ALTER TABLE "CSM"."CSM_NOTICEINFO_BOARD" MODIFY ("NOTICE_TITLE" NOT NULL ENABLE);
 
  ALTER TABLE "CSM"."CSM_NOTICEINFO_BOARD" MODIFY ("NOTICE_CONTENT" NOT NULL ENABLE);
 
  ALTER TABLE "CSM"."CSM_NOTICEINFO_BOARD" MODIFY ("NOTICE_WRITER" NOT NULL ENABLE);
 
  ALTER TABLE "CSM"."CSM_NOTICEINFO_BOARD" ADD PRIMARY KEY ("NOTICE_BNO")
  USING INDEX PCTFREE 10 INITRANS 2 MAXTRANS 255 COMPUTE STATISTICS 
  STORAGE(INITIAL 65536 NEXT 1048576 MINEXTENTS 1 MAXEXTENTS 2147483645
  PCTINCREASE 0 FREELISTS 1 FREELIST GROUPS 1 BUFFER_POOL DEFAULT FLASH_CACHE DEFAULT CELL_FLASH_CACHE DEFAULT)
  TABLESPACE "USERS"  ENABLE;
--------------------------------------------------------
--  Constraints for Table CSM_PROGRAM
--------------------------------------------------------

  ALTER TABLE "CSM"."CSM_PROGRAM" MODIFY ("IDX" NOT NULL ENABLE);
 
  ALTER TABLE "CSM"."CSM_PROGRAM" MODIFY ("ID" NOT NULL ENABLE);
 
  ALTER TABLE "CSM"."CSM_PROGRAM" MODIFY ("TITLE" NOT NULL ENABLE);
 
  ALTER TABLE "CSM"."CSM_PROGRAM" MODIFY ("CONTENTS" NOT NULL ENABLE);
 
  ALTER TABLE "CSM"."CSM_PROGRAM" ADD PRIMARY KEY ("IDX")
  USING INDEX PCTFREE 10 INITRANS 2 MAXTRANS 255 COMPUTE STATISTICS 
  STORAGE(INITIAL 65536 NEXT 1048576 MINEXTENTS 1 MAXEXTENTS 2147483645
  PCTINCREASE 0 FREELISTS 1 FREELIST GROUPS 1 BUFFER_POOL DEFAULT FLASH_CACHE DEFAULT CELL_FLASH_CACHE DEFAULT)
  TABLESPACE "USERS"  ENABLE;
--------------------------------------------------------
--  Constraints for Table CSM_QNA_BOARD
--------------------------------------------------------

  ALTER TABLE "CSM"."CSM_QNA_BOARD" MODIFY ("QNA_BNO" NOT NULL ENABLE);
 
  ALTER TABLE "CSM"."CSM_QNA_BOARD" MODIFY ("QNA_TITLE" NOT NULL ENABLE);
 
  ALTER TABLE "CSM"."CSM_QNA_BOARD" MODIFY ("QNA_CONTENT" NOT NULL ENABLE);
 
  ALTER TABLE "CSM"."CSM_QNA_BOARD" MODIFY ("QNA_WRITER" NOT NULL ENABLE);
 
  ALTER TABLE "CSM"."CSM_QNA_BOARD" ADD PRIMARY KEY ("QNA_BNO")
  USING INDEX PCTFREE 10 INITRANS 2 MAXTRANS 255 COMPUTE STATISTICS NOCOMPRESS LOGGING
  TABLESPACE "USERS"  ENABLE;
--------------------------------------------------------
--  Constraints for Table CSM_QUESTIONBOARD
--------------------------------------------------------

  ALTER TABLE "CSM"."CSM_QUESTIONBOARD" MODIFY ("QUESTION" NOT NULL ENABLE);
 
  ALTER TABLE "CSM"."CSM_QUESTIONBOARD" MODIFY ("TITLE" NOT NULL ENABLE);
 
  ALTER TABLE "CSM"."CSM_QUESTIONBOARD" MODIFY ("WRITER" NOT NULL ENABLE);
 
  ALTER TABLE "CSM"."CSM_QUESTIONBOARD" ADD PRIMARY KEY ("BNO")
  USING INDEX PCTFREE 10 INITRANS 2 MAXTRANS 255 COMPUTE STATISTICS 
  STORAGE(INITIAL 65536 NEXT 1048576 MINEXTENTS 1 MAXEXTENTS 2147483645
  PCTINCREASE 0 FREELISTS 1 FREELIST GROUPS 1 BUFFER_POOL DEFAULT FLASH_CACHE DEFAULT CELL_FLASH_CACHE DEFAULT)
  TABLESPACE "USERS"  ENABLE;
--------------------------------------------------------
--  Constraints for Table CSM_REPLY
--------------------------------------------------------

  ALTER TABLE "CSM"."CSM_REPLY" MODIFY ("BNO" NOT NULL ENABLE);
 
  ALTER TABLE "CSM"."CSM_REPLY" MODIFY ("REPLYTEXT" NOT NULL ENABLE);
 
  ALTER TABLE "CSM"."CSM_REPLY" MODIFY ("REPLYER" NOT NULL ENABLE);
 
  ALTER TABLE "CSM"."CSM_REPLY" MODIFY ("TYPEBOARD" NOT NULL ENABLE);
 
  ALTER TABLE "CSM"."CSM_REPLY" ADD PRIMARY KEY ("RNO")
  USING INDEX PCTFREE 10 INITRANS 2 MAXTRANS 255 COMPUTE STATISTICS 
  STORAGE(INITIAL 65536 NEXT 1048576 MINEXTENTS 1 MAXEXTENTS 2147483645
  PCTINCREASE 0 FREELISTS 1 FREELIST GROUPS 1 BUFFER_POOL DEFAULT FLASH_CACHE DEFAULT CELL_FLASH_CACHE DEFAULT)
  TABLESPACE "USERS"  ENABLE;
--------------------------------------------------------
--  Constraints for Table CSM_USER_ACTION
--------------------------------------------------------

  ALTER TABLE "CSM"."CSM_USER_ACTION" MODIFY ("USER_ID" NOT NULL ENABLE);
 
  ALTER TABLE "CSM"."CSM_USER_ACTION" MODIFY ("USER_ACTION" NOT NULL ENABLE);
 
  ALTER TABLE "CSM"."CSM_USER_ACTION" MODIFY ("USER_FLAG" NOT NULL ENABLE);
 
  ALTER TABLE "CSM"."CSM_USER_ACTION" MODIFY ("ACTION_REGDATE" NOT NULL ENABLE);
--------------------------------------------------------
--  Constraints for Table CSM_USER_BASEINFO
--------------------------------------------------------

  ALTER TABLE "CSM"."CSM_USER_BASEINFO" MODIFY ("USER_PASS" NOT NULL ENABLE);
 
  ALTER TABLE "CSM"."CSM_USER_BASEINFO" MODIFY ("USER_NAME" NOT NULL ENABLE);
 
  ALTER TABLE "CSM"."CSM_USER_BASEINFO" MODIFY ("USER_GENDER" NOT NULL ENABLE);
 
  ALTER TABLE "CSM"."CSM_USER_BASEINFO" MODIFY ("USER_BIRTHDAY" NOT NULL ENABLE);
 
  ALTER TABLE "CSM"."CSM_USER_BASEINFO" MODIFY ("USER_EMAIL" NOT NULL ENABLE);
 
  ALTER TABLE "CSM"."CSM_USER_BASEINFO" MODIFY ("USER_PHONE" NOT NULL ENABLE);
 
  ALTER TABLE "CSM"."CSM_USER_BASEINFO" MODIFY ("USER_MAILNUMBER" NOT NULL ENABLE);
 
  ALTER TABLE "CSM"."CSM_USER_BASEINFO" MODIFY ("USER_STREETADDR" NOT NULL ENABLE);
 
  ALTER TABLE "CSM"."CSM_USER_BASEINFO" MODIFY ("USER_DETAILEDADDR" NOT NULL ENABLE);
 
  ALTER TABLE "CSM"."CSM_USER_BASEINFO" MODIFY ("USER_TERMSSERVICE" NOT NULL ENABLE);
 
  ALTER TABLE "CSM"."CSM_USER_BASEINFO" MODIFY ("USER_TERMSPRIVACY" NOT NULL ENABLE);
 
  ALTER TABLE "CSM"."CSM_USER_BASEINFO" MODIFY ("USER_TERMSLOCATION" NOT NULL ENABLE);
 
  ALTER TABLE "CSM"."CSM_USER_BASEINFO" MODIFY ("USER_TERMSEMAIL" NOT NULL ENABLE);
 
  ALTER TABLE "CSM"."CSM_USER_BASEINFO" MODIFY ("USER_REGDATE" NOT NULL ENABLE);
 
  ALTER TABLE "CSM"."CSM_USER_BASEINFO" MODIFY ("USER_AUTHORITY" NOT NULL ENABLE);
 
  ALTER TABLE "CSM"."CSM_USER_BASEINFO" MODIFY ("USER_POINT" NOT NULL ENABLE);
 
  ALTER TABLE "CSM"."CSM_USER_BASEINFO" MODIFY ("USER_SESSIONKEY" NOT NULL ENABLE);
 
  ALTER TABLE "CSM"."CSM_USER_BASEINFO" ADD PRIMARY KEY ("USER_ID")
  USING INDEX PCTFREE 10 INITRANS 2 MAXTRANS 255 COMPUTE STATISTICS 
  STORAGE(INITIAL 65536 NEXT 1048576 MINEXTENTS 1 MAXEXTENTS 2147483645
  PCTINCREASE 0 FREELISTS 1 FREELIST GROUPS 1 BUFFER_POOL DEFAULT FLASH_CACHE DEFAULT CELL_FLASH_CACHE DEFAULT)
  TABLESPACE "USERS"  ENABLE;
--------------------------------------------------------
--  Constraints for Table CSM_USER_LOG
--------------------------------------------------------

  ALTER TABLE "CSM"."CSM_USER_LOG" MODIFY ("USER_ID" NOT NULL ENABLE);
 
  ALTER TABLE "CSM"."CSM_USER_LOG" MODIFY ("LOG_ACTION" NOT NULL ENABLE);
 
  ALTER TABLE "CSM"."CSM_USER_LOG" MODIFY ("LOG_REGDATE" NOT NULL ENABLE);
 
  ALTER TABLE "CSM"."CSM_USER_LOG" ADD PRIMARY KEY ("LOG_IDX")
  USING INDEX PCTFREE 10 INITRANS 2 MAXTRANS 255 COMPUTE STATISTICS 
  STORAGE(INITIAL 65536 NEXT 1048576 MINEXTENTS 1 MAXEXTENTS 2147483645
  PCTINCREASE 0 FREELISTS 1 FREELIST GROUPS 1 BUFFER_POOL DEFAULT FLASH_CACHE DEFAULT CELL_FLASH_CACHE DEFAULT)
  TABLESPACE "USERS"  ENABLE;
--------------------------------------------------------
--  Constraints for Table CSM_USER_SAVEADDR
--------------------------------------------------------

  ALTER TABLE "CSM"."CSM_USER_SAVEADDR" MODIFY ("USER_NAME" NOT NULL ENABLE);
 
  ALTER TABLE "CSM"."CSM_USER_SAVEADDR" MODIFY ("USER_PHONE" NOT NULL ENABLE);
 
  ALTER TABLE "CSM"."CSM_USER_SAVEADDR" MODIFY ("USER_MAILNUMBER" NOT NULL ENABLE);
 
  ALTER TABLE "CSM"."CSM_USER_SAVEADDR" MODIFY ("USER_STREETADDR" NOT NULL ENABLE);
 
  ALTER TABLE "CSM"."CSM_USER_SAVEADDR" MODIFY ("USER_DETAILEDADDR" NOT NULL ENABLE);
 
  ALTER TABLE "CSM"."CSM_USER_SAVEADDR" MODIFY ("SAVEADDR_STEP" NOT NULL ENABLE);
--------------------------------------------------------
--  Ref Constraints for Table CSM_MARKET_CART
--------------------------------------------------------

  ALTER TABLE "CSM"."CSM_MARKET_CART" ADD FOREIGN KEY ("ITEM_IDX")
	  REFERENCES "CSM"."CSM_MARKET_ITEMINFO" ("ITEM_IDX") ON DELETE CASCADE ENABLE;
--------------------------------------------------------
--  Ref Constraints for Table CSM_MARKET_ITEMINQUIRY
--------------------------------------------------------

  ALTER TABLE "CSM"."CSM_MARKET_ITEMINQUIRY" ADD FOREIGN KEY ("ITEM_IDX")
	  REFERENCES "CSM"."CSM_MARKET_ITEMINFO" ("ITEM_IDX") ON DELETE CASCADE ENABLE;
--------------------------------------------------------
--  Ref Constraints for Table CSM_MARKET_ITEMREVIEW
--------------------------------------------------------

  ALTER TABLE "CSM"."CSM_MARKET_ITEMREVIEW" ADD FOREIGN KEY ("ITEM_IDX")
	  REFERENCES "CSM"."CSM_MARKET_ITEMINFO" ("ITEM_IDX") ON DELETE CASCADE ENABLE;
--------------------------------------------------------
--  Ref Constraints for Table CSM_MARKET_ORDERITEMINFO
--------------------------------------------------------

  ALTER TABLE "CSM"."CSM_MARKET_ORDERITEMINFO" ADD FOREIGN KEY ("ORDER_IDX")
	  REFERENCES "CSM"."CSM_MARKET_ORDERBASEINFO" ("ORDER_IDX") ON DELETE CASCADE ENABLE;
--------------------------------------------------------
--  Ref Constraints for Table CSM_MARKET_SUBINFO
--------------------------------------------------------

  ALTER TABLE "CSM"."CSM_MARKET_SUBINFO" ADD FOREIGN KEY ("ITEM_IDX")
	  REFERENCES "CSM"."CSM_MARKET_ITEMINFO" ("ITEM_IDX") ON DELETE CASCADE ENABLE;
--------------------------------------------------------
--  Ref Constraints for Table CSM_USER_SAVEADDR
--------------------------------------------------------

  ALTER TABLE "CSM"."CSM_USER_SAVEADDR" ADD FOREIGN KEY ("USER_ID")
	  REFERENCES "CSM"."CSM_USER_BASEINFO" ("USER_ID") ON DELETE CASCADE ENABLE;
